title,category,brand,unit,price
AMMETER SINGLE RANGE,LABORATORY,,EACH,2030.00
AMMETER DUAL RANGE,LABORATORY,,EACH,2030.00
AMMONIA SOLUTION 1L LR,LABORATORY,GRIFFCHEM,EACH,3205.00
AMMONIA SOLUTION 2.5L LR,LABORATORY,GRIFFCHEM,EACH,5070.00
BALANCE SPRING 500GMS/10N,LABORATORY,,EACH,1035.00
BALANCE SPRING 1000GMS/10N,LABORATORY,,EACH,1140.00
BALL & RING APPARATUS,LABORATORY,,EACH,1425.00
BEAKER 25ML,LABORATORY,GRIFFCHEM,EACH,245.00
BEAKER 50ML,LABORATORY,GRIFFCHEM,EACH,275.00
BEAKER 100ML,LABORATORY,GRIFFCHEM,EACH,415.00
BEAKER 250ML,LABORATORY,GRIFFCHEM,EACH,490.00
BEAKER 500ML,LABORATORY,GRIFFCHEM,EACH,815.00
BEAKER 25ML,LABORATORY,BOROSIL,EACH,735.00
BEAKER 50ML,LABORATORY,BOROSIL,EACH,790.00
BEAKER 100ML,LABORATORY,BOROSIL,EACH,815.00
BEAKER 500ML,LABORATORY,BOROSIL,EACH,1175.00
BEAKER 50ML PLASTIC,LABORATORY,,EACH,150.00
BEAKER 100ML PLASTIC,LABORATORY,,EACH,205.00
BEAKER 250ML PLASTIC,LABORATORY,,EACH,326.00
BEAKER 500ML PLASTIC,LABORATORY,,EACH,490.00
BENEDICT SOLUTION 1L,LABORATORY,GRIFFCHEM,EACH,2000.00
BENEDICT SOLUTION 2.5L,LABORATORY,GRIFFCHEM,EACH,3427.00
BOTTLE DROPPER 30ML PLASTIC 30ML PLASTIC,LABORATORY,,EACH,205.00
BOTTLE DROPPER 60ML RABBIT TYPE PLASTIC,LABORATORY,,EACH,326.00
BRUSH FOR BOILING TUBE,LABORATORY,,EACH,220.00
BRUSH FOR BOTTLE,LABORATORY,,EACH,231.00
BULB 2.5V,LABORATORY,,EACH,150.00
BULB HOLDER,LABORATORY,,EACH,166.00
BULB HOLDER WITH WIRE BASE,LABORATORY,,EACH,815.00
BUNSEN BURNER WITH STOP COCK MECKER,LABORATORY,,EACH,7315.00
BUNSEN BURNER PORTABLE BLOW LAMP COD.88,LABORATORY,,EACH,4725.00
BUNSEN BURNER CARTRIGE,LABORATORY,,EACH,656.00
BUNSEN BURNER LIGHTER,LABORATORY,,EACH,1712.00
BUNSEN BURNER NIPPLE,LABORATORY,,EACH,45.00
BURETTE BRUSH,LABORATORY,,EACH,406.00
BURETTE GLASS TIP ONLY WITH LATEX RUBBER,LABORATORY,,EACH,205.00
BURETTE 25ML CLASS B GLASS STOPCOCK,LABORATORY,,EACH,6090.00
BURETTE 50ML CLASS B PTFE STOPCOCK,LABORATORY,,EACH,8120.00
BURETTE TUBING LATEX( YELOW),LABORATORY,,EACH,866.00
CELL HOLDER 1 CELL PLASTIC,LABORATORY,,EACH,488.00
CELL HOLDER 2 CELL PLASTIC,LABORATORY,,EACH,895.00
CELL HOLDER 1 CELL WOODEN,LABORATORY,,EACH,145.00
CELL HOLDER 2 CELL (WOODEN),LABORATORY,,EACH,185.00
CALCIUM ACETATE 500G,LABORATORY,GRIFFCHEM,EACH,3425.00
CALCIUM CARBONATE LR500G,LABORATORY,GRIFFCHEM,EACH,2575.00
CALCIUM CHLORIDE DIHYDRATE LR 500G,LABORATORY,GRIFFCHEM,EACH,2065.00
CALCIUM HYDROGEN CARBONATE 500ML,LABORATORY,GRIFFCHEM,EACH,2285.00
CALCIUM HYDROXIDE LR 500G,LABORATORY,GRIFFCHEM,EACH,2575.00
CALCIUM METAL 50G,LABORATORY,GRIFFCHEM,EACH,8565.00
CALCIUM NITRATE LR 500G,LABORATORY,GRIFFCHEM,EACH,3427.00
CALCIUM OXIDE LR 500G,LABORATORY,GRIFFCHEM,EACH,2855.00
CALCIUM OXIDE FUSED R 500G,LABORATORY,GRIFFCHEM,EACH,1857.00
CANDLE NON DRIP PKT OF 8,LABORATORY,,EACH,492.00
CHART ANIMAL CELL,LABORATORY,,EACH,1500.00
CHART KINGDOM,LABORATORY,,EACH,1500.00
CHART ANIMAL TISSUE,LABORATORY,,EACH,1500.00
CHART DIFFUSION OF GAS,LABORATORY,,EACH,1500.00
CHART GENETICS,LABORATORY,,EACH,1500.00
CHART HUMAN HEART,LABORATORY,,EACH,1500.00
CHART HUMAN BLOOD CIRCULATION,LABORATORY,,EACH,1500.00
CHART HUMAN BRAIN,LABORATORY,,EACH,1500.00
CHART HUMAN DIGESTIVE SYSTEM,LABORATORY,,EACH,1500.00
CHART HUMAN EAR,LABORATORY,,EACH,1500.00
"CHART HUMAN EXCRETORY,SKIN&KIDNEY",LABORATORY,,EACH,1500.00
CHART HUMAN EYE,LABORATORY,,EACH,1500.00
CHART HUMAN LIVER/GALLBLADDER/PANCREAS,LABORATORY,,EACH,1500.00
CHART HUMAN MALE GENITAL &URINARY ORGANS,LABORATORY,,EACH,1500.00
CHART HUMAN MUSCULAS SYSTEM,LABORATORY,,EACH,1500.00
CHART HUMAN NERVOUS SYSTEM,LABORATORY,,EACH,1500.00
CHART HUMAN REPRODUCTIVE SYSTEM FOR FEMALE,LABORATORY,,EACH,1500.00
CHART HUMAN REPRODUCTIVE SYSTEM FOR MALE,LABORATORY,,EACH,1500.00
CHART RESPIRATORY SYSTEM,LABORATORY,,EACH,1500.00
CHART HUMAN SKELETON SYSTEM,LABORATORY,,EACH,1500.00
CHART HUMAN SKIN 70*100CM,LABORATORY,,EACH,1770.00
CHART HUMAN TEETH,LABORATORY,,EACH,1500.00
CHART INSECT,LABORATORY,,EACH,1500.00
CHART LAB SAFETY& SYMBOLS,LABORATORY,,EACH,1500.00
CHART OXYGEN & REPRODUCTIVE SYSTEM,LABORATORY,,EACH,1500.00
CHART PESTS & DISEASE,LABORATORY,,EACH,1500.00
CHART PETROL ENGINE,LABORATORY,,EACH,1500.00
CHART PHOTOSYNTHESIS,LABORATORY,,EACH,1500.00
CHART PLANTS CELL,LABORATORY,,EACH,1500.00
CHART PLANT KINGDOM,LABORATORY,,EACH,1500.00
CHART PLANT TISSUE,LABORATORY,,EACH,1500.00
CHART SIMPLE MACHINE,LABORATORY,,EACH,1500.00
CHART SOLAR SYSTEM,LABORATORY,,EACH,1500.00
CHART WATER CYCLE,LABORATORY,,EACH,1500.00
CHART WORLD MAP,LABORATORY,,EACH,1500.00
CITRIC ACID ANHYDROUS LR,LABORATORY,GRIFFCHEM,EACH,3145.00
CITRIC ACID MONOHYDRATE LR 500GGRIFFCHEM,LABORATORY,,EACH,3145.00
CLINICAL THERMOMETER,LABORATORY,,EACH,965.00
COBALT( II)NITRATE HEXAHYDRATE LR 100G,LABORATORY,GRIGGCHEM,EACH,8563.00
COBALT CHLORIDE PAPER PKT OF 100 LEAVES,LABORATORY,GRIGGCHEM,EACH,1715.00
COBALT( II)SULPHATE HEPTAHYDRATE LR 100G,LABORATORY,GRIFFCHEM,EACH,9135.00
"CONCAVE LENS 50MM-FL 5,10,15,20,25,30 CM",LABORATORY,,EACH,315.00
"CONCAVE MIRROR 50MM-FL 5,10,15,20,25,30 CM",LABORATORY,,EACH,920.00
CONDENSER LIEBIG 300MM COILED,LABORATORY,,EACH,2575.00
CONDENSER LIEBIG 300MM STANDARD,LABORATORY,,EACH,4000.00
CONICAL FLASK 25ML,LABORATORY,GRIFFCHEM,EACH,347.00
CONICAL FLASK 50ML,LABORATORY,GRIFFCHEM,EACH,387.00
CONICAL FLASK 100ML,LABORATORY,GRIFFCHEM,EACH,427.00
CONICAL FLASK 500ML,LABORATORY,GRIFFCHEM,EACH,812.00
CONICAL FLASK 1000ML,LABORATORY,GRIFFCHEM,EACH,2235.00
CONICAL FLASK 25ML,LABORATORY,BOROSIL,EACH,550.00
CONICAL FLASK 25ML 50ML,LABORATORY,BOROSIL,EACH,711.00
CONICAL FLASK 25ML 100ML,LABORATORY,BOROSIL,EACH,1015.00
CONICAL FLASK 25ML 500ML,LABORATORY,BOROSIL,EACH,2235.00
CONICAL FLASK 25ML 1000ML,LABORATORY,BOROSIL,EACH,2845.00
CONNECTING LEAD WITH PLUG,LABORATORY,,EACH,406.00
CONNECTING WIRE 20MTRS,LABORATORY,,EACH,700.00
CONNECTING WIRE 60MTRS,LABORATORY,,EACH,3045.00
COPPER PLATE 15*5CM,LABORATORY,,EACH,815.00
COPPER WIRE BARE 50G-SWG18,LABORATORY,,EACH,1220.00
CORK BORER SET OF 6 BRASS,LABORATORY,,EACH,4060.00
CORK BORER SHARPENER,LABORATORY,,EACH,1220.00
CORK BARK TO FIT TEST TUBE,LABORATORY,,EACH,62.00
CORK BARK TO FIT BOILING TUBE,LABORATORY,,EACH,165.00
CORK BARK TO FIT CONICAL FLASK,LABORATORY,,EACH,610.00
CROCODILE CLIPS,LABORATORY,,EACH,105.00
CRUCIBLE WITH LID 25ML,LABORATORY,,EACH,245.00
CRUCIBLE WITH LID 50ML,LABORATORY,,EACH,376.00
"CONVEX LENS LENS 50MM FL 10CM,15CM,20CM,25CM,30CM",LABORATORY,,EACH,315.00
CONVEX LENS 50MM-FL 5CM,LABORATORY,,EACH,860.00
CRYSTALLING DISH 75MM,LABORATORY,,EACH,715.00
CUPRIC CARBONATE( BASIC)EXTRA PURE 95%,LABORATORY,GRIFFCHEM,EACH,9706.00
CUPRIC CHLORIDE DIHYDRATE LR 250G,LABORATORY,GRIFFCHEM,EACH,6852.00
CUPRIC NITRATE TRIHYDRATE EXTRA PURE 250G,LABORATORY,GRIFFCHEM,EACH,5138.00
CUPRIC OXIDE POWDER 100G,LABORATORY,GRIFFCHEM,EACH,6852.00
CUPRIC SULPHATE ANHYDROUS 500G,LABORATORY,GRIFFCHEM,EACH,13705.00
CUPRIC SULPHATE PENTAHYDRATE 500G,LABORATORY,GRIFFCHEM,EACH,7422.00
DEFLAGRATING SPOON WITH LID,LABORATORY,,EACH,860.00
DELIVERY TUBE,LABORATORY,,EACH,350.00
DISSECTING FORCEPS SHARP 6'',LABORATORY,,EACH,435.00
DISSECTING NEEDLE 9ONE PIECE JOINT )SHARP 5''STAINLESS STEEL,LABORATORY,,EACH,230.00
DISSECTING SCISSORS,LABORATORY,,EACH,520.00
DISSECTING SET 7 INSTRUMENTS,LABORATORY,,EACH,1145.00
DISSECTING TRAY WITH WAX 200*250MM,LABORATORY,,EACH,4860.00
DISTILLED WATER 20L,LABORATORY,,EACH,1150.00
DROPPER 3ML PLASTIC PASTEUR PIPETTE,LABORATORY,,EACH,45.00
DROPPER TEATS ONLY,LABORATORY,,EACH,60.00
DROPPING FUNNEL WITH TAP 50ML,LABORATORY,,EACH,1715.00
DRY CELLS SIZE D EVEREADY RED,LABORATORY,,EACH,1000.00
DRY CELLS SIZE AA,LABORATORY,,EACH,571.00
DRY CELLS SIZE AAA,LABORATORY,,EACH,460.00
DUST MUSK DISPOSAL,LABORATORY,,EACH,120.00
DUST MUSK DISPOSAL WITH FILTER BLUE TRIANGLE,LABORATORY,,EACH,435.00
EVAPORATING DISH 75MM,LABORATORY,,EACH,347.00
FLASK BOILING FLAT BOTTOM 50ML,LABORATORY,GRIFFCHEM,EACH,406.00
FLASK BOILING FLAT BOTTOM 100ML,LABORATORY,GRIFFCHEM,EACH,490.00
FLASK BOILING FLAT BOTTOM 500ML,LABORATORY,GRIFFCHEM,EACH,812.00
FLASK BOILING FLAT BOTTOM 1000ML,LABORATORY,GRIFFCHEM,EACH,2842.00
FLASK BOILING FLAT BOTTOM 50ML,LABORATORY,BOROSIL,EACH,1015.00
FLASK BOILING FLAT BOTTOM 100ML,LABORATORY,BOROSIL,EACH,1220.00
FLASK BOILING FLAT BOTTOM 500ML,LABORATORY,BOROSIL,EACH,1827.00
FLASK BOILING FLAT BOTTOM 1000ML,LABORATORY,BOROSIL,EACH,5280.00
FUNNEL 50MM GLASS,LABORATORY,,EACH,225.00
FUNNEL 75MM GLASS,LABORATORY,,EACH,305.00
FUNNEL 100ML GLASS,LABORATORY,,EACH,610.00
FUNNEL 75 ML PLASTIC,LABORATORY,,EACH,165.00
FUNNEL 100ML PLASTIC,LABORATORY,,EACH,245.00
GALVANOMETER ZERO CENTRE ANALOGUE,LABORATORY,INDIA,EACH,2436.00
GALVANOMETER DIGITAL,LABORATORY,,EACH,6090.00
FACE MUSK 3 PLY BOX OF 50 FOR CHILDREN,LABORATORY,,EACH,1050.00
FACE MUSK SURGICAL KF94-4LAYERS,LABORATORY,,EACH,1225.00
GLASS BEAD 6MM,LABORATORY,,EACH,45.00
GAS JAR ONLY,LABORATORY,,EACH,245.00
GAS JAR WITH LID 150*50MM,LABORATORY,,EACH,1625.00
GLASS BLOCK-RECTANGULAR 70*50*12MM,LABORATORY,,EACH,406.00
GLASS BLOCK-RECTANGULAR 100*60*18/20MM,LABORATORY,,EACH,815.00
GLASS BLOCK SEMI CIRCULAR 15*90MM,LABORATORY,,EACH,815.00
GLASS CAPILLARY TUBING 1MTR,LABORATORY,,EACH,205.00
GLASS MARBLE,LABORATORY,,EACH,21.00
GLASS PRISM-EQUILATERAL 38*38*38MM,LABORATORY,,EACH,610.00
GLASS PRISM RIGHT ANGLE 38*38MM,LABORATORY,,EACH,610.00
GLASS PRISM RIGHT ANGLE 50*50MM,LABORATORY,,EACH,1220.00
GLASS ROD FOR STATIC ELECTRICITY,LABORATORY,,EACH,326.00
GLASS STIRRING ROD 20CM,LABORATORY,,EACH,145.00
GLASS TROUGH 150MM,LABORATORY,,EACH,2436.00
GLASS TROUGH 180MM,LABORATORY,,EACH,3250.00
GLASS TROUGH 240MM,LABORATORY,,EACH,4872.00
GLASS TROUGH 300MM,LABORATORY,,EACH,6090.00
GLASS TUBING MTR,LABORATORY,,EACH,205.00
GLASS PENCIL,LABORATORY,,EACH,935.00
GLOVES ACID PROOF,LABORATORY,,EACH,985.00
GLOVES LATEX POWDERED PKT OF 100,LABORATORY,,EACH,2461.00
GLOVES NITRILE EXAMINATION POWDER FREE PKT OF 100,LABORATORY,,EACH,4925.00
GLOVES RUBBER YELLOW,LABORATORY,,EACH,1031.00
HAND SANITIZER 500ML,LABORATORY,,EACH,2575.00
HAND LENS PLASTIC FRAME,LABORATORY,,EACH,250.00
HAND LENS METAL FRAME,LABORATORY,,EACH,1220.00
HAND LENS FOLDING TYPE,LABORATORY,,EACH,610.00
HUMAN SKELETON 12'',LABORATORY,,EACH,4875.00
HUMAN SKELETON WITH STAND 70CM,LABORATORY,INDIA,EACH,13400.00
HYDROMETER 20C-1.0K-2.0K HEAVY LIQUIDS,LABORATORY,,EACH,1220.00
HYDROCHLORIC ACID (1.18-36 ASSAY PRECENT 1L L/P PLASTIC BOTTLE,LABORATORY,,EACH,3425.00
HYDROCHLORIC ACID 1.18-32 PERCENT 2.5L L/P PLASTIC BOTTLE,LABORATORY,,EACH,5710.00
HYDROGEN PEROXIDE 100 VOL 2L L/P,LABORATORY,,EACH,3708.00
HYDROGEN PEROXIDE 20 VOL LR 1L,LABORATORY,GRIFFCHEM,EACH,2855.00
HYDROMETER SIMLE BATTERY TASTER,LABORATORY,,EACH,1432.00
IODINE RESUBLIMED LR 100G,LABORATORY,GRIFFCHEM,EACH,19985.00
IRON (METAL) POWDER 300MESH ELECTROLYTIC LR 500G,LABORATORY,GRIFFCHEM,EACH,4570.00
IRON FILLINGS 500G,LABORATORY,GRIFFCHEM,EACH,6281.00
LAB COAT HEAVY MATERIAL,LABORATORY,,EACH,4500.00
LAB COAT LIGHT MATERIAL,LABORATORY,,EACH,2500.00
LaBELS-SELF ADHESIVE,LABORATORY,,EACH,165.00
LABORATORY TABLE PROTABLE COMPLETE,LABORATORY,,EACH,487200.00
LABORATORY STOOL ROUND SEATING,LABORATORY,,EACH,11420.00
LABORATORY STOOL SQUARE SEATING,LABORATORY,,EACH,5770.00
LIME WATER 500ML,LABORATORY,GRIFFCHEM,EACH,1260.00
LITMUS PAPER BLUE 100 LEAVES,LABORATORY,GRIFFCHEM,EACH,400.00
LITMUS PAPER RED 100 LEAVES,LABORATORY,GRIFFCHEM,EACH,400.00
LITMUS SOLUTION BLUE 500ML,LABORATORY,GRIFFCHEM,EACH,3715.00
LITMUS SOLUTION RED 500ML,LABORATORY,GRIFFCHEM,EACH,3715.00
"LOGOL,S IODINE 1L",LABORATORY,GRIFFCHEM,EACH,12250.00
MAGNESIUM CHLORIDE LR 500G,LABORATORY,GRIFFCHEM,EACH,3427.00
MAGNESIUM OXIDE LIGHT 500G,LABORATORY,GRIFFCHEM,EACH,7422.00
MAGNET-''U''SHAPE 2''-ORDINARY,LABORATORY,,EACH,860.00
MAGNET-''U''SHAPE 3'',LABORATORY,,EACH,2575.00
MAGNET BAR 2'' (PAIR WITH KEEPER,LABORATORY,,EACH,1200.00
MAGNET BAR 3'' (PAIR WITH KEEPER,LABORATORY,,EACH,2000.00
MAGNET BAR 4''(PAIR WITH KEEPER,LABORATORY,,EACH,2345.00
MAGNET CERAMIC 4'' (PAIR),LABORATORY,,EACH,1715.00
MAGNET-HORSE SHOE 3'',LABORATORY,,EACH,1145.00
MANGANESE CARBONATE 500G,LABORATORY,CDH,EACH,6852.00
MANGANESE CHLORIDE LR 500G,LABORATORY,GRIFFCHEM,EACH,3715.00
MANGANESE DIOXIDE 500G,LABORATORY,GRIFFCHEM,EACH,4000.00
MANGANESE NITRATE LR 500GGRIFFCHEM,LABORATORY,,EACH,4395.00
MANGANESE SULPHATE MONOHYDRATE LR 500G,LABORATORY,,EACH,4280.00
MASS SLOTTED 10*5G,LABORATORY,,EACH,2855.00
MASS WITH HOOKS 5G 50GS,LABORATORY,,EACH,366.00
MASS WITH HOOKS G 100G,LABORATORY,,EACH,406.00
MEASURING CYLINDER 25ML GLASS,LABORATORY,GRIFFCHEM,EACH,406.00
MEASURING CYLINDER 50ML,LABORATORY,BOROSIL,EACH,3045.00
MEASURING CYLINDER 100ML GLASS,LABORATORY,GRIFFCHEM,EACH,692.00
MEASURING CYLINDER 250ML GLASS,LABORATORY,GRIFFCHEM,EACH,1421.00
MEASURING CYLINDER 500ML GLASS,LABORATORY,GRIFFCHEM,EACH,1827.00
MEASURING CYLINDER 1000ML GLASS,LABORATORY,GRIFFCHEM,EACH,3045.00
MEASURING CYLINDER 25ML,LABORATORY,BOROSIL,EACH,2030.00
MEASURING CYLINDER 50ML GLASS,LABORATORY,GRIFFCHEM,EACH,530.00
MEASURING CYLINDER 100ML,LABORATORY,BOROSIL,EACH,3451.00
MEASURING CYLINDER 250ML,LABORATORY,BOROSIL,EACH,7310.00
MEASURING CYLINDER 500ML,LABORATORY,BOROSIL,EACH,10150.00
MEASURING CYLINDER 1000ML,LABORATORY,BOROSIL,EACH,15430.00
METHLY ORANGE INDICATOR SOLUTION 500ML L/P,LABORATORY,,EACH,1432.00
METHLY RED SOLUTION 500ML L/P,LABORATORY,,EACH,1432.00
METHYLATED SPIRIT 1L L/P,LABORATORY,,EACH,1715.00
METHYLATED SPIRIT 5L L/P,LABORATORY,,EACH,6851.00
METRE RULE (HARD WOOD)-121G,LABORATORY,,EACH,1057.00
MICROSCOPE EYEPIECE X10,LABORATORY,,EACH,2855.00
MICROSCOPE STUDENT BUDGET,LABORATORY,,EACH,23200.00
MICROSCOPE SLIDES,LABORATORY,,EACH,735.00
MICROSCOPE STAGE CLIPS PAIR,LABORATORY,,EACH,875.00
MODEL KIDNEY ON STAND 6'',LABORATORY,,EACH,2436.00
MORTAR AND PESTLE 2'',LABORATORY,,EACH,350.00
MORTAR AND PESTLE 3'',LABORATORY,,EACH,490.00
MORTAR AND PESTLE 4'',LABORATORY,,EACH,610.00
MORTAR AND PESTLE 5'',LABORATORY,,EACH,1015.00
MORTAR AND PESTLE 6'',LABORATORY,,EACH,1225.00
MORTAR AND PESTLE 4'' GLAS,LABORATORY,,EACH,840.00
MUSLIN CLOTH 12*12,LABORATORY,,EACH,315.00
MUAC TAPE,LABORATORY,,EACH,821.00
NICROME 50G-SWG 20,LABORATORY,,EACH,1015.00
PENCIL JACK,LABORATORY,,EACH,613.00
PENDULUM BOB IRON 1/2'',LABORATORY,,EACH,290.00
PERISCOPE WOODEN,LABORATORY,,EACH,2285.00
PETR DISH 90MM PLASTIC LAB,LABORATORY,,EACH,100.00
PETR DISH 90MM GLASS,LABORATORY,,EACH,450.00
OVER FLOW CAN METAL,LABORATORY,,EACH,610.00
OVER FLOW CAN PLASTIC,LABORATORY,,EACH,350.00
PAIR OF THONGS,LABORATORY,,EACH,245.00
PIPE CLAY TRIANGLE,LABORATORY,,EACH,205.00
PH INDICATUR,LABORATORY,,EACH,1365.00
PHENOPHTHALEIN SOLUTION 500ML,LABORATORY,,EACH,2285.00
PIPPET GRADUATED 25ML,LABORATORY,,EACH,460.00
PIPPET GRADUATED 25ML 25ML,LABORATORY,,EACH,630.00
PLAIN MIRROR 19*8CM,LABORATORY,,EACH,400.00
PLAIN MIRROR 5*6 CM,LABORATORY,,EACH,230.00
PLUG KEY ONE WAY,LABORATORY,,EACH,860.00
PLUG KEY TWO WAY,LABORATORY,,EACH,1145.00
POTASSIUM PERMANGAMENT 500G L/P,LABORATORY,,EACH,6851.00
REAGENT BOTTLE 30 ML CLEAR,LABORATORY,,EACH,265.00
REAGENT BOTTLE 60 ML CLEAR,LABORATORY,,EACH,305.00
REAGENT BOTTLE 125 ML CLEAR,LABORATORY,,EACH,368.00
REAGENT BOTTLE 250 CLEAR,LABORATORY,,EACH,452.00
REAGENT BOTTLE 500 ML,LABORATORY,,EACH,525.00
RETORT BOSS HEAD,LABORATORY,,EACH,861.00
RETORT CLAMP,LABORATORY,,EACH,1432.00
RETORT STAND,LABORATORY,,EACH,1715.00
RESISTANCE BUX PLUG TYPE 10 OHMS,LABORATORY,,EACH,8565.00
RESISTANCE COIL 1 OHMS,LABORATORY,,EACH,460.00
RESISTOR CARBON,LABORATORY,,EACH,60.00
SCAPEL BLADES,LABORATORY,,EACH,45.00
SCAPEL BLADES PKT OF 100,LABORATORY,,EACH,3250.00
SCAPEL KNIVE WITH PLASTIC HANDLE,LABORATORY,,EACH,326.00
SEPARATING FUNNEL 60ML,LABORATORY,,EACH,1220.00
SEPARATING FUNNEL 125ML,LABORATORY,,EACH,1625.00
SEPARATING FUNNEL 250ML,LABORATORY,,EACH,2640.00
SEPARATING FUNNEL 500ML,LABORATORY,,EACH,2845.00
SCIENCE KIT CSS-TYPE 1,LABORATORY,,EACH,48075.00
SCIENCE KIT CSS-TYPE 2,LABORATORY,,EACH,28550.00
SPATULA PLASTIC 8'',LABORATORY,,EACH,245.00
SPATULA STAINLESS SPOON CHATWAY 8'',LABORATORY,,EACH,347.00
SPATULA STAINLESS SPOON 6'',LABORATORY,,EACH,145.00
SPATULA STAINLESS SPOON 8'',LABORATORY,,EACH,305.00
SPATULA WOODEN TONGUUE DEPRESSOR,LABORATORY,,EACH,26.00
SPIRIT LAMP GLASS 125ML,LABORATORY,,EACH,610.00
SPIRIT LAMP ALUMINIUM 125ML,LABORATORY,,EACH,410.00
SPLINTS WOODEN 500PCS,LABORATORY,,EACH,2030.00
STETHOSCOPE,LABORATORY,,EACH,1220.00
STOP WATCH ELECTRONIC PROFESSIONAL,LABORATORY,,EACH,1150.00
STOP WATCH KD1069,LABORATORY,,EACH,950.00
STOP WATCH KADIO 6128 CH,LABORATORY,,EACH,1220.00
SWITCH SIMPLE BED TYPE,LABORATORY,,EACH,366.00
SYRINGE 1ML WITH NEEDLE,LABORATORY,,EACH,70.00
SYRINGE 2ML,LABORATORY,,EACH,20.00
SYRINGE 5ML,LABORATORY,,EACH,35.00
SYRINGE 10ML,LABORATORY,,EACH,45.00
SYRINGE 20ML,LABORATORY,,EACH,55.00
SYRINGE 60ML,LABORATORY,,EACH,210.00
SYRINGE 100ML GLASS,LABORATORY,,EACH,3500.00
SODIUM ACETATE ANHYDROUS LR 500G,LABORATORY,GRIFCHEM,EACH,2845.00
SODIUM ACETATE TRIHYDRATE LR 500G,LABORATORY,GRIFCHEM,EACH,2845.00
SODIUM CARBONATE ANHYDROUS LR 500G,LABORATORY,GRIFFCHEM,EACH,1830.00
SODIUM CARBONATE DECAHYDRATE LR 500G,LABORATORY,GRIFFCHEM,EACH,4875.00
SODIUM CHLORATE LR 500G,LABORATORY,GRIFFCHEM,EACH,16240.00
SODIUM CHLORIDE LR 500G,LABORATORY,GRIFFCHEM,EACH,1425.00
SODIUM CHLORIDE AR/ACS 500G,LABORATORY,GRIFFCHEM,EACH,1625.00
SODIUM CITRATE LR 500G,LABORATORY,GRIFFCHEM,EACH,4060.00
SODIUM CHLORITE 80% LR 500G,LABORATORY,GRIFFCHEM,EACH,6905.00
SODIUM DICHROMATE DIHYDRATE 500G,LABORATORY,LOBA,EACH,3900.00
SODIUM HYDROGEN CARBONATE LR 500G,LABORATORY,GRIFFCHEM,EACH,1830.00
SODIUM HYDROGEN SULPHATE LR 500G,LABORATORY,GRIFFCHEM,EACH,2030.00
SODIUM HYDROXIDE PELLETS LR 500G,LABORATORY,GRIFFCHEM,EACH,2440.00
SODIUM HYDROXIDE PELLETS AR 500G,LABORATORY,GRIFFCHEM,EACH,2845.00
SODIUM HYDROGEN PHOSPHATE LR 500G,LABORATORY,GRIFFCHEM,EACH,1830.00
SODIUM IODIDE AR 100G,LABORATORY,GRIFFCHEM,EACH,13400.00
SODIUM IODATE AR 100G,LABORATORY,GRIFFCHEM,EACH,10150.00
SODIUM METAL 25G,LABORATORY,GRIFFCHEM,EACH,2030.00
SODIUM NITRATE LR 500G,LABORATORY,GRIFFCHEM,EACH,2845.00
SODIUM OXALATE LR 500G,LABORATORY,GRIFFCHEM,EACH,2845.00
SODIUM PEROXIDE GRANULAR LR 100G,LABORATORY,GRIFFCHEM,EACH,28420.00
SODIUM SULPHATE ANHYDROUS LR 500G,LABORATORY,GRIFFCHEM,EACH,1625.00
SODIUM SULPHIDE 500G,LABORATORY,GRIFFCHEM,EACH,1425.00
STARCH INDICATOR SOLUTION 500ML,LABORATORY,,EACH,610.00
SUCROSE PURE LR 500G,LABORATORY,GRIFFCHEM,EACH,2030.00
SULPHUR POWDER 500G,LABORATORY,GRIFFCHEM,EACH,1485.00
SULPHURIC ACID 1L L SP.GR 1.835)98%LR,LABORATORY,GRIFFCHEM,EACH,4060.00
SULPURIC ACID (SP.GR 1.835 98%LR 2.5L,LABORATORY,GRIFFCHEM,EACH,8530.00
SURGICAL SPIRIT 1L,LABORATORY,,EACH,1220.00
SURGICAL SPIRIT 5L,LABORATORY,,EACH,5280.00
TEST TUBE HOLDER WOODEN HANDLE,LABORATORY,,EACH,205.00
TEST TUBE HOLDER WIRE TYPE,LABORATORY,,EACH,125.00
TEST TUBE HOLDER PEG TYPE,LABORATORY,,EACH,145.00
TEST TUBE STAND 6 HOLE WOODEN,LABORATORY,,EACH,370.00
TEST TUBE STAND 6 HOLE PLASTIC,LABORATORY,,EACH,450.00
TEST TUBE STAND 12 HOLE WOODEN LOCAL,LABORATORY,,EACH,610.00
TEST TUBE STAND 12 HOLE WOODEN IMPORTED,LABORATORY,,EACH,2030.00
TEST TUBE STAND 18 HOLE ALUMINIUM 26MM,LABORATORY,,EACH,1220.00
TEST TUBE WITH RIM 10*100 GRIFFCHEM3.3,LABORATORY,,EACH,50.00
TEST TUBE WITH RIM 12*100 GRIFFCHEM3.3,LABORATORY,,EACH,85.00
TEST TUBE WITH RIM 16*125 ( 3.3,LABORATORY,GRIFFCHEM,EACH,85.00
TEST TUBE WITH RIM 15*150 (,LABORATORY,GRIFFCHEM,EACH,85.00
TEST TUBE WITH RIM 18*180,LABORATORY,,EACH,70.00
TEST TUBE WITH RIM 24*150-BOILING TUBE (),LABORATORY,SIMAX,EACH,105.00
TEST TUBE WITH RIM 25*150 -BOILING TUBE (,LABORATORY,BOROSIL,EACH,265.00
THERMOMETER MERCURY CLINICAL,LABORATORY,,EACH,1100.00
THERMOMETER MERCURY () 0-150,LABORATORY,INDIA,EACH,1100.00
THERMOMETER ALCOHOL () 0-150,LABORATORY,INDIA,EACH,815.00
THERMOMETER DIGITAL CLINICAL,LABORATORY,,EACH,1650.00
TILES WHITE,LABORATORY,,EACH,185.00
THISTLE FUNNEL,LABORATORY,,EACH,245.00
THISTLE FUNNEL WITH TAP,LABORATORY,,EACH,1220.00
TRIPOD STAND,LABORATORY,,EACH,750.00
TUBE T PLASTIC,LABORATORY,,EACH,105.00
TUBE T GLASS,LABORATORY,,EACH,230.00
UNIVERSAL CHART 1-14,LABORATORY,,EACH,220.00
UNIVERSAL INDICATOR PAPER 1-14 100 LEAVES,LABORATORY,INDIA,EACH,810.00
UNIVERSAL INDICATOR SOLUTION 1-14 500ML,LABORATORY,GRIFFCHEM,EACH,8400.00
VERNIER CALIPER,LABORATORY,INDIA,EACH,1550.00
"VERNIER CALIPER DIGITAL,0,01-150MM",LABORATORY,,EACH,11775.00
VISKING TUBE PER MTR,LABORATORY,,EACH,860.00
VOLTMETER DUAL RANGE 0-1/3V,LABORATORY,,EACH,2440.00
VOLTMETER SINGLE RANGE 0-1/3V,LABORATORY,,EACH,2440.00
VOLUMETRIC FLASK 10ML,LABORATORY,GRIFFCHEM,EACH,430.00
VOLUMETRIC FLASK 25ML,LABORATORY,GRIFFCHEM,EACH,450.00
VOLUMETRIC FLASK 50ML,LABORATORY,GRIFFCHEM,EACH,711.00
VOLUMETRIC FLASK 100ML,LABORATORY,GRIFFCHEM,EACH,755.00
VOLUMETRIC FLASK 250ML,LABORATORY,GRIFFCHEM,EACH,1015.00
VOLUMETRIC FLASK 500ML,LABORATORY,GRIFFCHEM,EACH,1421.00
VOLUMETRIC FLASK 1000ML,LABORATORY,GRIFFCHEM,EACH,2640.00
VOLUMETRIC FLASK 250ML PLASTIC,LABORATORY,,EACH,1015.00
VOLUMETRIC FLASK 1000ML PLASTIC,LABORATORY,,EACH,4060.00
WASH BOTTLE 125ML,LABORATORY,,EACH,205.00
WASH BOTTLE 250ML,LABORATORY,,EACH,285.00
WASH BOTTLE 500ML,LABORATORY,,EACH,610.00
WASH BOTTLE 1000ML,LABORATORY,,EACH,1015.00
WATCH GLASS 50MM,LABORATORY,,EACH,165.00
WATCH GLASS 75MM,LABORATORY,,EACH,205.00
WAX PARAFFIN 1KG,LABORATORY,,EACH,2285.00
FIRE EXTINGUISHER DRY POWDER 2KG,LABORATORY,,EACH,12180.00
FIRE EXTINGUISHER DRY POWDER 4KG,LABORATORY,,EACH,16240.00
FIRE EXTINGUISHER DRY POWDER 1KG,LABORATORY,,EACH,6090.00
FILTER PAPER GRIFF NO.-1-185MM,LABORATORY,,EACH,3250.00
FILTER PAPER-NO1-110,LABORATORY,,EACH,1220.00
NOTICE BOARD WITH BLUE FABRIC 2*3 FEET with instalation,LABORATORY,,EACH,6750.00
NOTICE BOARD WITH BLUE FABRIC 3*4 FEET '',LABORATORY,,EACH,7125.00
NOTICE BOARD WITH BLUE FABRIC 3*5 FEET '',LABORATORY,,EACH,12500.00
NOTICE BOARD WITH BLUE FABRIC 6*4 '',LABORATORY,,EACH,14375.00
NOTICE BOARD WITH BLUE FABRIC 5*4 '',LABORATORY,,EACH,13500.00
NOTICE BOARD WITH FABRIC 4*4 '',LABORATORY,,EACH,11750.00
WHITE BOARD 3*2 with instalation,LABORATORY,,EACH,4500.00
WHITE BOARD 3*4 '',LABORATORY,,EACH,5650.00
WHITE BOARD 4*4 '',LABORATORY,,EACH,9500.00
WHITE BOARD 5*3 '',LABORATORY,,EACH,11500.00
WHITE BOARD 5*4,LABORATORY,,EACH,13500.00
WHITE BOARD 6*4,LABORATORY,,EACH,14375.00
WHITE BOARD 8*4,LABORATORY,,EACH,17500.00
GRAPH BOARD 4*4 with instalation,LABORATORY,,EACH,16250.00
ZINC CHLORIDE LR 500G,LABORATORY,GRIFFCHEM,EACH,4875.00
ZINC FOIL 500G,LABORATORY,INDIA,EACH,3045.00
ZINC POWDER AR 500G,LABORATORY,GRIFFCHEM,EACH,6295.00
measuring cylinder plastic 10ml,LABORATORY,,EACH,190.00
measuring cylinder plastic 25ml,LABORATORY,,EACH,250.00
measuring cylinder plastic 100ml,LABORATORY,,EACH,408.00
measuring cylinder plastic 250ml,LABORATORY,,EACH,816.00
measuring cylinder plastic 500ml,LABORATORY,,EACH,2241.00
retort stand complete,LABORATORY,,EACH,3672.00
stirring rod,LABORATORY,,EACH,200.00
wire gauze,LABORATORY,,EACH,350.00
copper (ii) sulphate 500g,LABORATORY,,EACH,5655.00
ph strip,LABORATORY,,EACH,1365.00
SOUND RECORDER DEVICE,LABORATORY,,EACH,4850.00
calcium metaL 1o0G,LABORATORY,GRIFFCHEM,EACH,7500.00
IRON FILLINGS 500G,LABORATORY,GRIFFCHEM,EACH,2800.00
iodine solution 1/2 litre,LABORATORY,,EACH,1500.00
ethanol absolute 1/2 litre,LABORATORY,,EACH,1800.00
propanone 1/2 litre,LABORATORY,,EACH,1500.00
magnesium ribbon,LABORATORY,,EACH,800.00
bunsen burner,LABORATORY,,EACH,1200.00
carbon rsistance 20 ohms,LABORATORY,,EACH,265.00
carbon rsistance 10 ohms,LABORATORY,,EACH,265.00
BALANCE SCALE,LABORATORY,,EACH,13000.00
ATTENDANCE REGESTER POLAR/ LEO,STATIONERY,ECON/KASUKU,EACH,85.00
ATTENDANCE REGESTER ELIMU,STATIONERY,KARTASI,EACH,185.00
ADMISSION SCHOOL REGESTER 2Q,STATIONERY,ECONOMIC,EACH,415.00
TEACHERS ATTENDANCE REGESTER,STATIONERY,ECONOMIC,EACH,415.00
FEES REGISTER A3,STATIONERY,ECONOMIC,EACH,165.00
PRINCIPAL ARRIVAL/DEPARTUREREGISTER,STATIONERY,ECONOMIC,EACH,415.00
ASESSMENT BOOKS PPI-PP2,STATIONERY,SHASETH,EACH,275.00
ASESSMENT BOOKS GRADE 1-8,STATIONERY,SHASETH,EACH,415.00
BOX FILE WITH INDEX LAMINATED,STATIONERY,M&G/ OFFICE POINT,EACH,415.00
BOX FILE PVC,STATIONERY,KAS/ROBIN/ECON,EACH,305.00
BOX FILE HALF SIZE,STATIONERY,KASUKU,EACH,305.00
BOX FILE LEVER ARCH,STATIONERY,ECONOMIC,EACH,305.00
BOX FILE RING BINDER,STATIONERY,OFFICE POINT,EACH,910.00
BLACKBOARD GEO RULER,STATIONERY,WOODEN,EACH,965.00
BLACKBOARD GEO COMPASS,STATIONERY,WOODEN,EACH,965.00
BLACKBOARD GEO PROTRACTOR,STATIONERY,WOODEN,EACH,965.00
BLACKBOARD GEO SET SQUARE,STATIONERY,WOODEN,EACH,965.00
BLACKBOARD GEO RULER,STATIONERY,PLASTIC,EACH,1350.00
BLACKBOARD GEO COMPASS,STATIONERY,PLASTIC,EACH,1350.00
BLACKBOARD GEO PROTRACTOR,STATIONERY,PLASTIC,EACH,1350.00
BLACKBOARD GEO SET SQUARE,STATIONERY,PLASTIC,EACH,1350.00
COUNTER BOOK 1Q,STATIONERY,KAS/ECO/PRE/CRON,EACH,210.00
COUNTER BOOK 2Q,STATIONERY,KAS/ECO/PRE/CRON,EACH,325.00
COUNTER BOOK 3Q,STATIONERY,KAS/ECO/PRE/CRON,EACH,415.00
COUNTER BOOK 4Q,STATIONERY,KAS/ECO/PRE/CRON,EACH,490.00
COUNTER BOOK 6Q,STATIONERY,KAS/ECO/PRE/CRON,EACH,760.00
CASH BOOK 1Q,STATIONERY,ECON/KARTASI,EACH,350.00
CASH BOOK 2Q,STATIONERY,ECON/KARTASI,EACH,485.00
CASH BOOK 3Q,STATIONERY,ECON/KARTASI,EACH,625.00
CASH BOOK 4Q,STATIONERY,ECON/KARTASI,EACH,760.00
CONDOLENCE BOOK,STATIONERY,ECONOMIC,EACH,690.00
CONQUEROR PAPER,STATIONERY,,EACH,30.00
COTTON TWINE,STATIONERY,,EACH,385.00
CREPE PAPER,STATIONERY,,EACH,210.00
CHALK DUSTLESS WHITE,STATIONERY,DOMS/OMEGA/MUNGYO,PKT,185.00
CHALK DUSTLESS COLOURED,STATIONERY,DOMS/OMEGA/MUNGYO,PKT,185.00
CHALK WHITE,STATIONERY,FULTONE,PKT,250.00
CHALK COLOURED,STATIONERY,FULTONE,PKT,275.00
CHALK IMPORTED WHITE,STATIONERY,IMPORTED CHINA,PKT,250.00
CHALK IMPORTED COLOURED,STATIONERY,IMPORTED CHINA,PKT,275.00
CARBON PAPER,STATIONERY,"PENCILA/KANGARO,SAILING BOAT",PKT,1815.00
CARBON PAPER 500H,STATIONERY,PELIKAN,PKT,2065.00
CARBON PAPER 205H,STATIONERY,PELIKAN,PKT,3660.00
CALCULATOR HL-815,STATIONERY,CASIO,EACH,1045.00
CALCULATOR MW-5V,STATIONERY,CASIO/M&G,EACH,2695.00
CALCULATOR AX-12VW,STATIONERY,CASIO,EACH,2820.00
CALCULATOR MJ-120,STATIONERY,CASIO,EACH,3095.00
CALCULAOR MZ-12S-W,STATIONERY,CASIO,EACH,2160.00
CALCULATOR DJ-120C,STATIONERY,CASIO,EACH,3650.00
CALCULATOR DESKTOP,STATIONERY,M&G,EACH,650.00
CALCULATOR SCIENTFIC FX82MS,STATIONERY,CASIO,EACH,1500.00
CELLOPHANE COVERS SOFT,STATIONERY,MTR,EACH,135.00
CELLOPHANE COVERS HARD,STATIONERY,MTR,EACH,165.00
CELLOPHANE COVERS,STATIONERY,53KGS,ROLL,30000.00
CELLOPHANE COVERS,STATIONERY,27KGS,ROLL,20625.00
CELLOTAPE CLEAR ½ INCH 20M,STATIONERY,ROK,ROLL,25.00
CELLOTAPE CLEAR ¾ INCH20M,STATIONERY,ROK,ROLL,35.00
CELLOTAPE CLEAR 3/4 INCH 50M,STATIONERY,ROK,ROLL,65.00
CELLOTAPE CLEAR 1 INCH 50M,STATIONERY,ROK,ROLL,80.00
CELLOTAPE CLEAR 2 INCH 20M,STATIONERY,ROK,ROLL,80.00
CELLOTAPE CLEAR 2 INCH 50M,STATIONERY,ROK,ROLL,135.00
CELLOTAPE CLEAR 2 INCH 100M,STATIONERY,ROK,ROLL,200.00
CELLOTAPE CLEAR 3 INCH 50M,STATIONERY,ROK,ROLL,250.00
CELLOTAPE CLEAR 2 INCH JUMBO,STATIONERY,SUMO,ROLL,375.00
DOUBLE SIDED TAPE,STATIONERY,SUPERFINE,ROLL,450.00
"CASH SALE 4,6,8,10,12 UPS",STATIONERY,ECONOMIC,EACH,95.00
CARD CASE HOLDER A2,STATIONERY,,EACH,80.00
COUNTING PAD,STATIONERY,,EACH,150.00
CLEAR SHEET PROTRACTOR,STATIONERY,,EACH,35.00
DIARY A4 EXCUTIVE WITH FLAP BUTTON 2026,STATIONERY,,EACH,1790.00
DIARY A4 EXECUTIVE W/O 2026,STATIONERY,,EACH,1515.00
DIARY B5 EXECUTIVE WITH FLAP BUTTON 2026,STATIONERY,,EACH,1240.00
DIARY B5 EXECUTIVE W/O 2026,STATIONERY,,EACH,1175.00
DIARY A5 EXECUTIVE WITH FLAP BUTTON,STATIONERY,,EACH,1040.00
DIARY A5 EXECUTIVE W/O 2026,STATIONERY,,EACH,495.00
DIARY SLIM 2026,STATIONERY,,EACH,210.00
DIARY A6 2026,STATIONERY,,EACH,75.00
DELIVERY BOOK DUPLICATE A5,STATIONERY,ECONOMIC,EACH,350.00
DELIVERY BOOK A6,STATIONERY,ECONOMIC,EACH,55.00
DUPLICATE BOOK A5,STATIONERY,ECONOMIC,EACH,350.00
DUPLICATE BOOK A6,STATIONERY,ECONOMIC,EACH,210.00
DUSTER WOODEN,STATIONERY,SCHOOL POINT,EACH,210.00
DUSTER PLASTIC,STATIONERY,STANDARD,EACH,140.00
DUSTER PLASTIC,STATIONERY,SUPERFINE,EACH,140.00
DUSTERS MAGNETIC,STATIONERY,,EACH,215.00
ENVELOPE MANILA (25PCS) C7/6 SIZE/MEDICAL,STATIONERY,ECONOMIC,PKT,75.00
ENVELOPE MANILA (25PCS) DL SIZE,STATIONERY,ECONOMIC,PKT,110.00
ENVELOPE MANILA (25PCS) A5 SIZE,STATIONERY,ECONOMIC,PKT,150.00
ENVELOPE MANILA (25PCS) A4 SIZE,STATIONERY,ECONOMIC,PKT,415.00
ENVELOPE MANILA (50PCS) A5 SIZE,STATIONERY,ECONOMIC,PKT,300.00
ENVELOPE MANILA (50PCS) A4 SIZE,STATIONERY,ECONOMIC,PKT,825.00
ENVELOPE MANILA (25PCS) A3 SIZE,STATIONERY,ECONOMIC,PKT,690.00
ENVELOPE MANILA (50PCS) A3 SIZE,STATIONERY,ECONOMIC,PKT,1375.00
ENVELOPE MANILA (25PCS)X-RAY SIZE,STATIONERY,ECONOMIC,PKT,1375.00
ENVELOPE WHITE (25PCS) DL SIZE,STATIONERY,ECONOMIC,PKT,140.00
ENVELOPE WHITE (25PCS) A5 SIZE,STATIONERY,ECONOMIC,PKT,415.00
ERASERS 621 PLASTO/NON DUST,STATIONERY,NATARAJ/DOMS,EACH,30.00
ERASERS DUST FREE WHITE/TIANSHI,STATIONERY,DOMS/TIANSHI,EACH,15.00
ERASERS NON DUST JUMBO,STATIONERY,NATARAJ/DOMS,EACH,35.00
ERASER BR40/NEON JUMBO,STATIONERY,PELIKAN/DOMS,EACH,35.00
ERASER BR80,STATIONERY,PELIKAN/DOMS,EACH,25.00
ERASER,STATIONERY,STEADLER,EACH,140.00
EMBOSSED PAPER A4,STATIONERY,MOLO,REAM,1100.00
FILES (SPRING FILES) NO 102/103,STATIONERY,DISHU/TEEPEE,EACH,140.00
FILES (SPRING FILES) NO 115,STATIONERY,DISHU/TEEPEE,EACH,110.00
FILES SPRING FILES MANILA,STATIONERY,TEEPEE,EACH,110.00
FILES SPRING FILES,STATIONERY,OFFICE POINT,EACH,205.00
FILES( OFFICE PROJECT FILE),STATIONERY,OFFICE POINT,EACH,140.00
FILE DIVIDER,STATIONERY,SWORLD,EACH,210.00
FILE EXPANDING FILE WITH HANDLE,STATIONERY,MIDGO,EACH,1045.00
FILES FOLDER PP MANILA (CORT,STATIONERY,OFFICE POINT,EACH,110.00
FILES,STATIONERY,HY CLEAR BAG,EACH,110.00
FILES FASTENER PVC (50PCS,STATIONERY,GEM,EACH,350.00
FILE DOCUMENT WALLET PVC,STATIONERY,TEEPEE,EACH,140.00
FILE DOCUMENT WALLET MANILA,STATIONERY,TEEPEE,EACH,140.00
FILE (POCKETFILE) DISPLAY BOOK,STATIONERY,MIDGO,EACH,350.00
FILE POCKET,STATIONERY,RAPID,EACH,110.00
FLIP CHART A1,STATIONERY,,EACH,965.00
GRANT IN AID CASH BOOK,STATIONERY,ECO/KASUKU,EACH,715.00
GEOMETRICAL SET,STATIONERY,OXFORD/M&G,EACH,415.00
GEOMETRICAL SET CLEAR,STATIONERY,NATARAJ,EACH,415.00
GEOMETRICAL SET,STATIONERY,KOFA/EXPERT,EACH,165.00
GLUE 85ML,STATIONERY,PRITT,EACH,135.00
GLUE 160ML,STATIONERY,PRITT,EACH,275.00
GLUE 1KG,STATIONERY,PRITT,EACH,690.00
GLUE 85ML,STATIONERY,FIVE STAR,EACH,75.00
GLUE 160ML,STATIONERY,FIVE STAR,EACH,150.00
GLUE 1KG,STATIONERY,FIVE STAR,EACH,450.00
GLUE STICK 11GMS,STATIONERY,PRITT,EACH,140.00
GLUE STICK 22GMS,STATIONERY,PRITT,EACH,350.00
GLUE STICK 43GMS,STATIONERY,PRITT,EACH,480.00
GLUE STICK 25GMS,STATIONERY,M&G,EACH,125.00
GLUE STICK 15GMS,STATIONERY,M&G,EACH,160.00
GLUE STICK 8GMS,STATIONERY,M&G,EACH,125.00
GRAPH PAPERS A4,STATIONERY,KASUKU,REAM,1285.00
HARD COVER NOTE BOOK A6,STATIONERY,ECONOMIC,EACH,125.00
HARD COVER NOTE BOOK A7,STATIONERY,ECONOMIC,EACH,55.00
HARD COVER NOT BOOK A5,STATIONERY,ECONOMIC,EACH,160.00
HARD COVER NOT BOOK A5,STATIONERY,KASUKU,EACH,165.00
HARD COVER EXECUTIVE NOTEBOOK,STATIONERY,ECONOMIC,EACH,525.00
HIGHLIGTERS,STATIONERY,M&G,EACH,195.00
HIGHLIGTERS,STATIONERY,FABER-CACTELL,EACH,195.00
HIGHLIGTERS CHISEL,STATIONERY,NATARAJ,EACH,195.00
INVOICE BOOK DUPLICATE A5,STATIONERY,ECONOMIC,EACH,330.00
INVOICE BOOK A6,STATIONERY,ECONOMIC,EACH,55.00
IVORY BOARD PAPER 250GMS,STATIONERY,MOLO,REAM,2065.00
IVORY BOARD PAPER 300GMS,STATIONERY,MOLO,REAM,2750.00
INVENTORY BOOK,STATIONERY,ECONOMIC,EACH,160.00
KNIFE CUTTER,STATIONERY,INCCO,EACH,495.00
KNIFE CUTTER MP-9,STATIONERY,KANGARO,EACH,485.00
LETTER DELIVERY 2Q,STATIONERY,KARATAS,EACH,495.00
LOOSE LEAF PAD,STATIONERY,KASUKU,EACH,165.00
LOOSE LEAF PAD,STATIONERY,CROWNBIRD,EACH,110.00
LOOSE LEAF (SUPER PAD),STATIONERY,ECONOMIC,EACH,150.00
LAMINATED COVERS SHORT,STATIONERY,ORANGE/BROWN,EACH,210.00
LAMINATED COVERS LONG,STATIONERY,ORANGE/BROWN,EACH,275.00
LUMINUS PAPERS LIGHT,STATIONERY,,EACH,100.00
LUMINUS PAPERS HARD,STATIONERY,,EACH,165.00
LAMINATING POUCHES A4,STATIONERY,MOLO,REAM,2065.00
LEDGER BOOK 1Q,STATIONERY,ECONO/MIC/KASUKU,EACH,375.00
LEDGER BOOK 2Q,STATIONERY,ECONO/MIC/KASUKU,EACH,485.00
LEDGER BOOK 3Q,STATIONERY,ECONO/MIC/KASUKU,EACH,525.00
LEDGER BOOK 4Q,STATIONERY,ECONO/MIC/KASUKU,EACH,690.00
JOURNAL BOOK 1Q,STATIONERY,ECONO/MIC/KASUKU,EACH,350.00
LEDGER BOOK 2Q/JOURNAL,STATIONERY,ECONO/MIC/KASUKU,EACH,485.00
LEDGER BOOK 3Q,STATIONERY,ECONO/MIC/KASUKU,EACH,525.00
JOURNAL BOOK 4Q,STATIONERY,ECONO/MIC/KASUKU,EACH,690.00
LEARNING CHARTS,STATIONERY,,EACH,275.00
MANILA PAPER LIGHT,STATIONERY,,EACH,40.00
MANILA PAPER HARD,STATIONERY,,EACH,55.00
MASHINE (LAMINATOR ) A4,STATIONERY,INNOVIA,EACH,13750.00
MASHINE (BINDING MASHINE),STATIONERY,M&G,EACH,12375.00
MASHINE (PAPER CUTTER) A4,STATIONERY,,EACH,3440.00
MEMBERS SAVING BOOK,STATIONERY,,EACH,150.00
MEASURING TAPE,STATIONERY,CHINA,EACH,85.00
MASKING TAPE ½ INCH,STATIONERY,ROK,EACH,65.00
MASKING TAPE ¾ INCH,STATIONERY,ROK,EACH,110.00
MASKING TAPE 1 INCH,STATIONERY,ROK,EACH,140.00
MASKING TAPE 2 INCH,STATIONERY,ROK,EACH,275.00
MUSTER ROLL BOOK 1Q,STATIONERY,ECONOMIC,EACH,355.00
MUSTER ROLL BOOK 2Q,STATIONERY,ECONOMIC,EACH,550.00
CLIP BOARD A4 CLEAR,STATIONERY,KASUKU,EACH,275.00
CLIP BOARD A4 WOODEN,STATIONERY,KASUKU,EACH,350.00
NAME BARGE SAKURA,STATIONERY,SAKURA,EACH,55.00
NAME TAGS,STATIONERY,,EACH,110.00
OFFICE SCISSORS BASIC 13’’,STATIONERY,FIMBO,EACH,140.00
OFFICE SCISSORS MEDIUM,STATIONERY,STUDENT,EACH,275.00
OFFICE SCISSORS SMALL 8’’,STATIONERY,STAINLESS,EACH,85.00
PACKING TAPE 2 INCH 20M,STATIONERY,ROK,EACH,85.00
PACKING TAPE 2 INCH 100M,STATIONERY,ROK,EACH,415.00
PACKING TAPE 2 INCH 50M,STATIONERY,ROK,EACH,140.00
PAPER PUNCH DP 700,STATIONERY,KANGARO,EACH,4815.00
PAPER PUNCH DP 800,STATIONERY,KANGARO,EACH,4950.00
PAPER PUNCH DP 900,STATIONERY,KANGARO,EACH,5365.00
PAPER PUNCH DP 540/520,STATIONERY,KANGARO,EACH,760.00
PAPER PUNCH DP480,STATIONERY,KANGARO,EACH,480.00
PERMANENT MARKERS,STATIONERY,GXIN/PANGXIAN/ECOWRITE,EACH,110.00
PERMANENT MARKERS,STATIONERY,CASTEL/M&GCHETAK/DELI,EACH,210.00
PERMANENT MARKERS,STATIONERY,STEADLER/BIC/OFFIPOINT,EACH,285.00
PERMANENT MARKERS,STATIONERY,SUPERFINE,EACH,250.00
PERMANENT MARKERS B/TIP,STATIONERY,NATARAJ,EACH,140.00
PETTY CASH VOUCHER A5,STATIONERY,ECONOMIC,EACH,75.00
PETTY CASH VOUCHER A6,STATIONERY,ECONOMIC,EACH,50.00
PHOTO PAPER GLOSS A4,STATIONERY,CLARION,REAM,850.00
PHOTO PAPER CLARION A4,STATIONERY,CLARION,REAM,850.00
PHOTOCOPYING PAPERS A4,STATIONERY,SINALINE/TRION/VTM/SAFQA/ORIENT/DUABLE A,REAM,850.00
PHOTOCOPYING PAPERS A4,STATIONERY,E- PAPER/A ONE,REAM,900.00
PHOTOCOPYING PAPERS A3,STATIONERY,SINALINE/,REAM,2750.00
PVC BINDING CVERS,STATIONERY,MOLO,REAM,1175.00
PVC BINDING TAPES,STATIONERY,,EACH,415.00
PINS,STATIONERY,OFFICE PINS,PKT,85.00
PINS,STATIONERY,THUMB TACKS,PKT,85.00
PINS,STATIONERY,PAPER CLIP 28MM,PKT,85.00
PINS,STATIONERY,PAPER CLIP 50MM,PKT,240.00
PINS,STATIONERY,PAPER CLIP 78MM,PKT,275.00
PENS,STATIONERY,TEEPEE/ADIX,PKT,415.00
PENS,STATIONERY,SUPERFINE,PKT,415.00
PENS,STATIONERY,M&GTR3/AIM/ KASUKU,EACH,30.00
PENS,STATIONERY,PILOT,EACH,45.00
PENS FINE BALLPOINT,STATIONERY,NATARAJ,EACH,35.00
PENS,STATIONERY,FINE POINT/CRISTAL,EACH,45.00
PENS,STATIONERY,M&G CO-OPEN,EACH,45.00
PENS EXECUTIVE GEL,STATIONERY,M&G,EACH,110.00
PENS EXECTIVE GEL,STATIONERY,BAOKE,EACH,140.00
PENS EXECTIVE GEL,STATIONERY,M&G,EACH,140.00
PENS EXECTIVE GEL WITH ERASER,STATIONERY,M&G,EACH,140.00
PENS EXECTIVE GEL,STATIONERY,GELIX,EACH,75.00
PENS SKETCH ROUND (24 COLOUR),STATIONERY,NATARAJ,EACH,75.00
PENCIL HB,STATIONERY,ROYAL/SUPERFINE/SUPERFINE,EACH,20.00
PENCIL HB SLIVER,STATIONERY,NATARAJ /DOMS,EACH,30.00
PENCIL 2B PLATINUM EXTRA DARK,STATIONERY,NATARAJ/M&G,EACH,40.00
PENCIL PLATINUM MECHANICAL,STATIONERY,NATARAJ,EACH,110.00
PENCIL HB,STATIONERY,GERMANY,EACH,100.00
PENCIL POUCH CLEAR,STATIONERY,SPIDER,EACH,140.00
PENCIL BOX,STATIONERY,KENPOLLY,EACH,140.00
PEN,STATIONERY,FOUTAIN,EACH,140.00
PEN FOUTAIN INK 4001,STATIONERY,PELIKAN,EACH,825.00
PEN FOUTAIN INK ROYOL,STATIONERY,QUILL,EACH,210.00
RULER 15CM,STATIONERY,NATARAJ,EACH,45.00
RULER 30CM,STATIONERY,NATARAJ/KASUKU,EACH,55.00
RULER 30CM,STATIONERY,HACO/DELI,EACH,85.00
RULED CARDS 5*8,STATIONERY,ECONOMIC,REAM,440.00
RULED PAPERS A4,STATIONERY,GOSHRAN,REAM,825.00
RULED PAPERS A4,STATIONERY,CROWNBIRD/NEWSPRINT,REAM,760.00
RULED PAPERS A4,STATIONERY,KASU/KU/KARATASI/POLAR,REAM,965.00
RUBBER BAND 50GMS,STATIONERY,SUNGURA,PKT,140.00
RECEIPT BOOK NUMBERD A6,STATIONERY,ECONOMIC,EACH,135.00
S1- C STORE LEDGER 2Q,STATIONERY,ECONOMIC,EACH,415.00
S1- C. STORE LEDGER 4Q,STATIONERY,ECONOMIC,EACH,715.00
S2 –PERMANENT AND E.S. LEDGER 2Q,STATIONERY,ECONOMIC,EACH,415.00
S2 –PERMANENT AND E.S. LEDGER 4Q,STATIONERY,ECONOMIC,EACH,715.00
STAMPAD PAD,STATIONERY,KOFA/ DL-182,EACH,210.00
STAMPAD PAD,STATIONERY,PELIKAN,EACH,415.00
STAMPAD PAD INK,STATIONERY,KOFA/DL-182,EACH,210.00
STAMPAD PAD INK,STATIONERY,PELIKAN,EACH,415.00
SPIRAL NOT BOOK A6,STATIONERY,ECONOMIC,EACH,50.00
SPIRAL NOT BOOK A5,STATIONERY,ECONOMIC,EACH,75.00
SHORT HAND NOTE BOOK A5,STATIONERY,ECONOMIC,EACH,95.00
SHORT HAND NOTE BOOK A5,STATIONERY,KASUKU,EACH,95.00
STICKER PAPER A4,STATIONERY,MOLO,EACH,55.00
STICKER PAPER A3,STATIONERY,MOLO,EACH,85.00
STICK NOTE PAD 3*3,STATIONERY,M&G/JIXIN,EACH,140.00
STICK NOTE PAD 3*3 RULED,STATIONERY,M&G,EACH,165.00
STICK NOTE PAD 3*5,STATIONERY,JIXIN,EACH,195.00
STAINCIL RULERS SMALL SIZE,STATIONERY,,EACH,140.00
STAINCIL RULERS MEDIUM SIZE,STATIONERY,,EACH,150.00
STAINCIL RULERS BIG SIZE,STATIONERY,,EACH,300.00
DOCUMENT WALLET 30 LEAVES,STATIONERY,DELI,EACH,385.00
PENCILS,STATIONERY,DOMS,EACH,35.00
SUSPENTION FILE,STATIONERY,,EACH,275.00
ELECTRIC BELLWITHOUT INSTALLATION,STATIONERY,,EACH,14850.00
SCHOOL BELLS SMALL SIZE,STATIONERY,,EACH,3440.00
SCHOOL BELLS MEDIUM SIZE,STATIONERY,,EACH,8250.00
SCHOOL BELLS BIG SIZE BRASS,STATIONERY,,EACH,11000.00
SPIRAL BINDERS 8MM,STATIONERY,,EACH,770.00
SPIRAL BINDERS 10MM,STATIONERY,,EACH,800.00
SCHOOL DIARY A5,STATIONERY,ECONOMIC,EACH,140.00
SALARY VOUCHER A5,STATIONERY,ECONOMIC,EACH,85.00
STAPLER WITH STAPLE PINS SET,STATIONERY,M&G,SET,275.00
STAPLER ECO SAVER MGS-14,STATIONERY,M&G,EACH,350.00
STAPLER MINI- 10,STATIONERY,KANGARO/DELI,EACH,220.00
STAPLER MIN ICON,STATIONERY,KANGARO/DELI,EACH,385.00
STAPLER HD 45,STATIONERY,KANGARO/DELI,EACH,580.00
STAPLER DS 45,STATIONERY,KANGARO/DELI,EACH,635.00
STAPLER DS 210,STATIONERY,KANGARO/DELI,EACH,1050.00
STAPLER DS 45 L,STATIONERY,KANGARO/DELI,EACH,2475.00
STAPLER HEAVY DUTY HD 1217,STATIONERY,KANGARO/DELI,EACH,5445.00
STAPLE PINS SIZE NO 10,STATIONERY,KANGARO/DELI,PKT,55.00
STAPLE PINS 24/6 1000,STATIONERY,KANGARO/DELI,PKT,70.00
STAPLE PINS 24/6 5000,STATIONERY,KANGARO/DELI,PKT,275.00
STAPLE PINS 23/13,STATIONERY,KASUKU/DELI,PKT,690.00
STAPLE PINS 23/15,STATIONERY,KASUKU/DELI,PKT,1375.00
STAPLE PINS 23/17,STATIONERY,KASUKU/DELI,PKT,690.00
STAPLE PINS 23/13,STATIONERY,KASUKU/DELI,PKT,690.00
STAPLE PINS 23/17,STATIONERY,KASUKU/DELI,PKT,1375.00
STAPLE REMOVER WB8066,STATIONERY,SACA,EACH,140.00
STAPLE REMOVER SRL 45,STATIONERY,KASUKU,PKT,95.00
SCRIBLING PAD A4,STATIONERY,ECONOMIC,EACH,210.00
SHARPENERS METAL,STATIONERY,CHINA,EACH,75.00
SHARPENER SINGLE HOLE,STATIONERY,M&G,EACH,50.00
TEACHERS SCHEMS OF WORK CBC 2Q,STATIONERY,ECONOMIC,EACH,415.00
TEACHERS LESSON PLAN CBC BOOK 2Q,STATIONERY,ECONOMIC,EACH,415.00
TEACHERS MARK BOOK 1Q,STATIONERY,ECONOMIC,EACH,275.00
TEACHERS MARK BOOK 2Q,STATIONERY,ECONOMIC,EACH,415.00
THERMAL ROLL PAPER 57*40*13,STATIONERY,,ROLL,140.00
THERMAL ROLL PAPER 57*47*13,STATIONERY,,ROLL,210.00
THERMAL ROLL PAPER 79*80*13,STATIONERY,,EACH,275.00
TAPE DISPENSER,STATIONERY,OFFICE POINT,EACH,825.00
TAPE DISPENSER KTD-75,STATIONERY,KANGARO,EACH,3440.00
TYPING PAPERS A4,STATIONERY,ECONOMIC,REAM,725.00
VISITORS BOOK REFF151/152,STATIONERY,KARTASI,EACH,825.00
WHITE BOARD MARKERS,STATIONERY,SUPERFINE/DOMS/M&G,EACH,250.00
WHITE BOARD MARKERS,STATIONERY,LETO,EACH,275.00
WHITE BOARD MARKER INK,STATIONERY,SUPERFINE/DOMS/M&G,EACH,250.00
WHITE BOARD MARKER INK,STATIONERY,LETO/SUPER FINE 50ML,EACH,415.00
WHITE BOARD MARKER INK,STATIONERY,SUPERFINE 100ML,EACH,600.00
WHITE BOARD ERASERS,STATIONERY,CHINA,EACH,250.00
WHITE BOARD CLEANER 1LTR,STATIONERY,,EACH,1375.00
WITE OUT,STATIONERY,BIC/PELIKAN,EACH,415.00
WITE CIVOR,STATIONERY,CIVOR/CORD,EACH,150.00
WITE OUT PEN,STATIONERY,OFFICE POINT,EACH,215.00
WITE OUT PEN,STATIONERY,RETYPE/M&G,EACH,185.00
WHITE BOARD 5*4 W/O INSTALATION,STATIONERY,KASUKU,EACH,10450.00
WHITE BOARD 8*4 ‘’,STATIONERY,KASUKU,EACH,17050.00
WHITE BOARD 6*4 ‘’,STATIONERY,KASUKU,EACH,11825.00
WHITE BOARD 3*2 ‘’,STATIONERY,KASUKU,EACH,3850.00
WHITE BOARD 4*3 ‘’,STATIONERY,KASUKU,EACH,6215.00
WHITE BOARD 5*3 ‘’,STATIONERY,KASUKU,EACH,10285.00
GRAPH BOARD W/O INSTALATION,STATIONERY,KASUKU,EACH,13475.00
WHITE BOARD 5*4 WITH INSTALATION,STATIONERY,KASUKU,EACH,14850.00
WHITE BOARD 8*4 ‘’,STATIONERY,KASUKU,EACH,19250.00
WHITE BOARD 6*4 ‘’,STATIONERY,KASUKU,EACH,16225.00
WHITE BOARD 3*2’’,STATIONERY,KASUKU,EACH,8250.00
WHITE BOARD 4*3 ‘’,STATIONERY,KASUKU,EACH,10615.00
WHITE BOARD 5*3 ‘’,STATIONERY,KASUKU,EACH,12650.00
GRAPH BOARD 4*4 WITH INSTALATION,STATIONERY,KASUKU,EACH,17875.00
NOTICE BOARD 6*4 W/O INSTALATION,STATIONERY,KASUKU,EACH,12515.00
NOTICE BOARD 5*3 ‘’,STATIONERY,KASUKU,EACH,13750.00
NOTICE BOARD 4*4 ‘’,STATIONERY,KASUKU,EACH,9625.00
NOTICE BOARD 4*3 ‘’,STATIONERY,KASUKU,EACH,6740.00
NOTICE BOARD 6*4 WITH INSTALATION,STATIONERY,KASUKU,EACH,15815.00
NOTICE BOARD 5*4 ‘’,STATIONERY,KASUKU,EACH,14850.00
NOTICE BOARD 4*4 ‘’,STATIONERY,KASUKU,EACH,12925.00
NOTICE BOARD 4*3 ‘’,STATIONERY,KASUKU,EACH,10040.00
A4 200PGS ORDINARY EXERCISE BK SL/SQ,EXERCISE BOOKS,KAS/ECO,EACH,215.00
A4 120PGS ORDINARY EXERCISE BK SL/SQ,EXERCISE BOOKS,KAS/ECO,EACH,135.00
A4 96PGS ORDINARY EXERCISE BK SL/SQ,EXERCISE BOOKS,KAS/ECO,EACH,105.00
A4 96PGS PLAIN EXERCISE BOOK,EXERCISE BOOKS,KAS/ECO,EACH,105.00
A4 96PGS GRAPH EXERCISE BOOK,EXERCISE BOOKS,KAS/ECO,EACH,110.00
A4 20PGS DRAWING BOOK,EXERCISE BOOKS,KAS/ECO,EACH,55.00
A3 40PGS DRAWING BOOK,EXERCISE BOOKS,KAS/ECO,EACH,210.00
8*10 96PGS ORDINARY EXERCISE BK SL/SQ,EXERCISE BOOKS,KAS/ECO,EACH,105.00
8*10 96PGS ORDINARY EXERCISE BK SL/SQ,EXERCISE BOOKS,CROWN,EACH,75.00
A5 200PGS ORDINARY EXERCISE BK SL/SQ,EXERCISE BOOKS,KAS/ECO,EACH,135.00
A5 120PGS ORDINARY EXERCISE BK SL/SQ,EXERCISE BOOKS,KAS/ECO,EACH,75.00
A5 100PGS ORDINARY EXERCISE BK SL/SQ,EXERCISE BOOKS,KAS/ECO,EACH,65.00
A5 100PGS PLAIN EXERCISE BOOK,EXERCISE BOOKS,KAS/ECO,EACH,65.00
A5 100PGS GRAPH EXERCISE BOOK,EXERCISE BOOKS,KAS/ECO,EACH,65.00
A5 100PGS IRISH EXERCISE BOOK,EXERCISE BOOKS,KAS/ECO,EACH,65.00
A5 100PGS ½’’ORDINARY EXERC BK SL/SQ,EXERCISE BOOKS,KAS/ECO,EACH,65.00
A5 64PGS ORDINARY EXERCISE BK SL/SQ,EXERCISE BOOKS,KAS/ECO,EACH,50.00
A5 48PGS ORDINARY EXERCISE BK SL/SQ,EXERCISE BOOKS,KAS/ECO,EACH,40.00
A5 48PGS PLAIN EXERCISE BOOK,EXERCISE BOOKS,KAS/ECO,EACH,40.00
A5 48PGS GRAPH EXERCISE BOOK,EXERCISE BOOKS,KAS/ECO,EACH,40.00
A5 48PGS IRISH EXERCISE BOOK,EXERCISE BOOKS,KAS/ECO,EACH,40.00
A5 200PGS ORDINARY EXERCISE BK SL/SQ,EXERCISE BOOKS,CROWN,EACH,80.00
A5 120PGS ORDINARY EXERCISE BK SL/SQ,EXERCISE BOOKS,CROWN,EACH,55.00
A5 100PGS ORDINARY EXERCISE BK SL/SQ,EXERCISE BOOKS,CROWN,EACH,50.00
A5 64PGS ORDINARY EXERCISE BK SL/SQ,EXERCISE BOOKS,CROWN,EACH,45.00
A5 48PGS ORDINARY EXERCISE BK SL/SQ,EXERCISE BOOKS,CROWN,EACH,35.00
A5 32PGS ORDINARY EXERCISE BK SL/SQ,EXERCISE BOOKS,CROWN,EACH,25.00
A5 48PGS MUSIC BOOK,EXERCISE BOOKS,KASUKU,EACH,40.00
A5 EXERCISE BOOK COVERS,EXERCISE BOOKS,KASUKU,EACH,15.00
A4 EXERCISE BOOK COVERS,EXERCISE BOOKS,KASUKU,EACH,20.00
A4 200PGS EXER BOOK PRINTED,EXERCISE BOOKS,KAS/ECO,EACH,275.00
A4 120PGS EXER BOOK PRINTED,EXERCISE BOOKS,KAS/ECO,EACH,165.00
A4 96PGS EXER BOOK PRINTED,EXERCISE BOOKS,KASUKU,EACH,135.00
A5 200PGS EXER BOOK PRINTED,EXERCISE BOOKS,CROWN,EACH,85.00
A5 120PGS EXER BOOK PRINTED,EXERCISE BOOKS,CROWN,EACH,70.00
A5 100PGS EXER BOOK PRINTED,EXERCISE BOOKS,CROWN,EACH,55.00
A5 64PGS EXER BOOK PRINTED,EXERCISE BOOKS,CROWN,EACH,40.00
A5 48PGS EXER BOOK PRINTED,EXERCISE BOOKS,CROWN,EACH,35.00
A5 32PGS EXER BOOK PRINTED,EXERCISE BOOKS,CROWN,EACH,30.00
HOME CSIENCE KIT,HOME SCIENCE,COTONE/SUPERFINE,PKT,415.00
SEWING MASHINE,HOME SCIENCE,BABYBUTTERFLY,EACH,31765.00
SEWING MASHINE,HOME SCIENCE,BUTTERFLY,EACH,33690.00
SEWING MASHINE,HOME SCIENCE,SINGER,EACH,75075.00
SEWING MASHINE OIL,HOME SCIENCE,,EACH,130.00
FABRIC COTTON MATERIALS,HOME SCIENCE,,MTR,215.00
TAILORS CHALK,HOME SCIENCE,,EACH,350.00
DRESSING SCISSORS ( FABRIC),HOME SCIENCE,,EACH,385.00
SEWING THREADS,HOME SCIENCE,SMALL SIZE,EACH,30.00
SEWING THREADS,HOME SCIENCE,MEDIUM SIZE,EACH,75.00
SEAM REAPERS,HOME SCIENCE,,EACH,100.00
DRESSING PINS,HOME SCIENCE,,PKT,100.00
SAFETY PINS,HOME SCIENCE,,PKT,65.00
THIMBLE,HOME SCIENCE,,EACH,65.00
BOBBIN CASE,HOME SCIENCE,,PAIR,195.00
SEWING NEEDLES,HOME SCIENCE,,PKT,100.00
TAILORING TAPE MEASURE,HOME SCIENCE,,EACH,75.00
PLASTIC RIBBONS,HOME SCIENCE,,EACH,275.00
KNEETING NEEDLES,HOME SCIENCE,,PAIR,140.00
KNEETING THREADS,HOME SCIENCE,,EACH,275.00
KROTCHETS NEEDLES,HOME SCIENCE,,EACH,140.00
SUFURIA WITH LID 1KG NO 7 HEAVY,HOME SCIENCE,LIONS/KALUWORKS,EACH,2080.00
SUFURIA WITH LID 3KGS NO 11 “,HOME SCIENCE,LIONS/KALUWORKS,EACH,3760.00
SUFURIA WITH LID 5KGS NO 12 “,HOME SCIENCE,LIONS/KALUWORKS,EACH,4915.00
SINIA METALIC BIG SIZE,HOME SCIENCE,,EACH,485.00
SINIA METALIC MEDIUM SIZE,HOME SCIENCE,,EACH,425.00
MELAMINE CUP HEAVY,HOME SCIENCE,,EACH,180.00
PLATES GLSSS,HOME SCIENCE,,EACH,385.00
PLATES MELAMINE,HOME SCIENCE,,EACH,295.00
SERVING POT/DISH,HOME SCIENCE,WOODEN,EACH,23100.00
SERVING POT/DISH,HOME SCIENCE,METALIC,EACH,13860.00
SERVING SPOON METALIC,HOME SCIENCE,WOODEN HANDLE,EACH,385.00
CHOPPING BOARD WOODEN,HOME SCIENCE,ROUND SHAPE,EACH,1350.00
CHOPPING BOARD WOODEN,HOME SCIENCE,RECTANGLE SHAPE,EACH,1450.00
CHOPPING BOARD PLASTIC,HOME SCIENCE,RECTANGLE SHAPE,EACH,1005.00
KITCHEN KNIFE,HOME SCIENCE,,EACH,295.00
STICKING KNIFE,HOME SCIENCE,,EACH,540.00
PANGA KNIFE,HOME SCIENCE,,EACH,620.00
STIMMER SPOON,HOME SCIENCE,,EACH,255.00
FISH DESCLATOR (SCALLING),HOME SCIENCE,,EACH,425.00
HOT POT,HOME SCIENCE,,EACH,5775.00
HOT POT,HOME SCIENCE,,EACH,8665.00
SEEVE PLASTIC,HOME SCIENCE,,EACH,100.00
SEEVE METALIC,HOME SCIENCE,,EACH,485.00
TEA DISPENSER (POT) 9.5LTRS,HOME SCIENCE,,EACH,5775.00
TEA DISPENSER (POT) 7.7LTRS,HOME SCIENCE,,EACH,5200.00
DISH RACK 4 LAYERS ROUND,HOME SCIENCE,,EACH,1065.00
DISH RACK 3 LAYERS SQUARE,HOME SCIENCE,,EACH,1120.00
DISH RACK 2 LAYERS,HOME SCIENCE,,EACH,1540.00
BBQ STICK,HOME SCIENCE,,PKT,150.00
SALT SHAKERS,HOME SCIENCE,,EACH,195.00
SUGAR DISH,HOME SCIENCE,,EACH,195.00
TEA SPOON HEAVY,HOME SCIENCE,,EACH,235.00
TABLE SPOON HEAVY,HOME SCIENCE,,EACH,295.00
FOX HEAVY,HOME SCIENCE,,EACH,295.00
CUTTERY TRAY,HOME SCIENCE,,EACH,215.00
GLASS,HOME SCIENCE,,EACH,195.00
GLASS (6PACK),HOME SCIENCE,,PCS,1065.00
JUG GLASS,HOME SCIENCE,,EACH,1155.00
JUG PLASTIC,HOME SCIENCE,,EACH,235.00
CERAMIC MUG,HOME SCIENCE,,EACH,195.00
CERAMIC MUG (6PACK),HOME SCIENCE,,PCS,1255.00
THERMOS 1.8L,HOME SCIENCE,,EACH,1155.00
THERMOS 1.8L,HOME SCIENCE,,EACH,1725.00
SERVIET,HOME SCIENCE,,PKT,255.00
COFFE/TEA MAKER 10 LTRS,HOME SCIENCE,,EACH,16940.00
COFFE/TEA MAKER 15 LTRS,HOME SCIENCE,,EACH,20020.00
SCOURING PAD,HOME SCIENCE,,EACH,30.00
LIQUID HAND WASH,HOME SCIENCE,,EACH,385.00
DISH WASH PASTE SMALL,HOME SCIENCE,,EACH,265.00
HANGERS (3PACK),HOME SCIENCE,KENPOLY,SET,295.00
DISH WASH PASTE BIG,HOME SCIENCE,,EACH,755.00
CLOTH PEGS BIG (16PACK),HOME SCIENCE,,PKT,495.00
CLOTH PEGS SMALL,HOME SCIENCE,,PKT,465.00
FOOD LUNCH BOX,HOME SCIENCE,,EACH,1925.00
SERVING TRAY SMALL,HOME SCIENCE,,EACH,485.00
SERVING TRAY BIG,HOME SCIENCE,,EACH,680.00
BAKING TINS ( LOAF PANS),HOME SCIENCE,SMALL,EACH,870.00
BAKING TINS ( LOAF PANS),HOME SCIENCE,MEDIUM,EACH,1255.00
FRYING PAN SHALLOW,HOME SCIENCE,SMALL,EACH,1350.00
FRYING PAN SHALLOW,HOME SCIENCE,MEDIUM,EACH,2890.00
FRYING PAN DEEP,HOME SCIENCE,SMALL,EACH,965.00
FRYING PAN DEEP,HOME SCIENCE,MEDIUM,EACH,1925.00
ELECTRIC IRON BOX,HOME SCIENCE,,EACH,4045.00
CHARCOAL IRON BOX,HOME SCIENCE,,EACH,2885.00
BLENDER MASHINE,HOME SCIENCE,SMALL,EACH,4815.00
BLENDER MASHINE,HOME SCIENCE,MEDIUM,EACH,5775.00
COOKING STICK,HOME SCIENCE,SMALL,EACH,295.00
COOKING STICK,HOME SCIENCE,MEDIUM,EACH,640.00
COOKING STICK,HOME SCIENCE,BIG,EACH,965.00
HANGING ROPE,HOME SCIENCE,BIG,EACH,580.00
HANGING ROPE,HOME SCIENCE,SMALL,EACH,330.00
SLOTTED SPOON METALIC,HOME SCIENCE,,EACH,425.00
SLOTTED SPOON WOODEN HANDLE,HOME SCIENCE,,EACH,680.00
TOOTH PICKS,HOME SCIENCE,,PKT,140.00
GRATER,HOME SCIENCE,SMALL,EACH,195.00
GRATER,HOME SCIENCE,BIG,EACH,580.00
WHISK,HOME SCIENCE,SMALL,EACH,485.00
JIKO OKOA (CHARCOAL),HOME SCIENCE,,EACH,6740.00
IMPROVED JIKO (CHARCOAL),HOME SCIENCE,SIZE NO 10,EACH,965.00
IMPROVED JIKO (CHARCOAL),HOME SCIENCE,SIZE NO 11,EACH,1255.00
IMPROVED JIKO (CHARCOAL),HOME SCIENCE,SIZE NO 13,EACH,1925.00
GAS CYLINDER 6KGS COMPLETE,HOME SCIENCE,"AFRI,HASH,OLIBYA",EACH,7700.00
GAS CYLINDER 6KGS COMPLETE,HOME SCIENCE,"K-GAS,SEA-GAS",EACH,9625.00
GAS CYLINDER 13KGS COMPLETE WITH,HOME SCIENCE,"AFRI,HASH,OLIBYA",EACH,21175.00
GAS CYLINDER 13KGS COMPLETE WITH,HOME SCIENCE,"K-GAS,SEA-GAS",EACH,23100.00
SPRAYER 20LTRS,AGRICULTURE,,EACH,5775.00
SPRAYER 16LTRS,AGRICULTURE,,EACH,5390.00
HAND SPRAYER 1LTR,AGRICULTURE,,EACH,870.00
MANAGU SEEDS 10GMS,AGRICULTURE,,PKT,295.00
MANAGU SEEDS 50GMS,AGRICULTURE,,PKT,965.00
KALE SEEDS (SUKUMA) 10GMS,AGRICULTURE,,PKT,195.00
KALE SEEDS (SUKUMA) 50GMS,AGRICULTURE,,PKT,485.00
KALE SEEDS (SUKUMA) 100GMS,AGRICULTURE,,PKT,770.00
AMARANTHA SEEDS 10GMS,AGRICULTURE,,PKT,195.00
AMARANTHA SEEDS 50GMS,AGRICULTURE,,PKT,485.00
AMARANTHA SEEDS 100GMS,AGRICULTURE,,PKT,770.00
SPINACH SEEDS 10GMS,AGRICULTURE,,PKT,195.00
SPINACH SEEDS 50GMS,AGRICULTURE,,PKT,485.00
SPINACH SEEDS 100GMS,AGRICULTURE,,PKT,770.00
DANIA SEEDS 10GMS,AGRICULTURE,,PKT,195.00
DANIA SEEDS 50GMS,AGRICULTURE,,PKT,485.00
DANIA SEEDS 100GMS,AGRICULTURE,,PKT,770.00
TOMATO SEEDS 10GMS,AGRICULTURE,,PKT,485.00
TOMATO SEEDS 50GMS,AGRICULTURE,,PKT,770.00
BRINJALS 10GMS,AGRICULTURE,,PKT,295.00
BRINJALS 50GMS,AGRICULTURE,,PKT,1255.00
OKRA SEEDS 10GMS,AGRICULTURE,,PKT,195.00
OKRA SEEDS 50GMS,AGRICULTURE,,PKT,295.00
OKRA SEEDS 100GMS,AGRICULTURE,,PKT,680.00
ONION SEEDS 10GMS,AGRICULTURE,,PKT,680.00
ONION SEEDS 50GMS,AGRICULTURE,,PKT,1155.00
WATERMELON SEEDS 10GMS,AGRICULTURE,,PKT,965.00
WATERMELON SEEDS 50GMS,AGRICULTURE,,PKT,2505.00
WATERMELON SEEDS 100GMS,AGRICULTURE,,PKT,4235.00
CAPSICUM (HOHO) 10GMS,AGRICULTURE,,PKT,485.00
CAPSICUM (HOHO) 50GMS,AGRICULTURE,,PKT,1640.00
MAIZE SEEDS DK777 2KG,AGRICULTURE,,PKT,1925.00
MAIZE SEEDS DH04 2KG,AGRICULTURE,,PKT,1450.00
MAIZE SEEDS DUMA 2KG,AGRICULTURE,,PKT,1735.00
MAIZE SEEDS ADVANTA 2KG,AGRICULTURE,,PKT,1735.00
MAIZE SEEDS TOSHEKA 2KG,AGRICULTURE,,EACH,1640.00
FERTILIZER DAP 50KGS,AGRICULTURE,,SACK,13500.00
FERTILIZER DAP 25KGS,AGRICULTURE,,SACK,6995.00
FERTILIZER DAP 10KGS,AGRICULTURE,,SACK,3500.00
FERTILIZER CAN 50KGS,AGRICULTURE,,SACK,9320.00
FERTILIZER CAN 25KGS,AGRICULTURE,,SACK,4660.00
FERTILIZER CAN 10KGS,AGRICULTURE,,SACK,2335.00
FOLIAR WUXAL 10KGS,AGRICULTURE,,SACK,3035.00
NATURAL MANURE 50KGS,AGRICULTURE,,SACK,1175.00
PESTICIDE 50ML,AGRICULTURE,,EACH,1520.00
PESTICIDE 100ML,AGRICULTURE,,EACH,2335.00
WATERING CAN,AGRICULTURE,,EACH,1175.00
WHEELBARROW RELIANCE,AGRICULTURE,,EACH,8855.00
WHEELBARROW HARD BOARD,AGRICULTURE,,EACH,9095.00
HORSE PIPE 3/4’’ 50MTRS CLEAR,AGRICULTURE,,ROLL,8900.00
HORSE PIPE STRIPPED ZEBRA 3/4’’ 120FTS,AGRICULTURE,,ROLL,2920.00
GUM BOOTS,AGRICULTURE,,PAIR,1660.00
SPRINKLER BUTTERFLY,AGRICULTURE,,EACH,1025.00
SPRINKLER ROCKET,AGRICULTURE,,EACH,1600.00
SPADE METALLIC HANDLE,AGRICULTURE,,EACH,965.00
SPADE WOODEN HANDLE,AGRICULTURE,,EACH,965.00
GARDEN RAKE 12 TEETH,AGRICULTURE,,EACH,555.00
PANGA,AGRICULTURE,,EACH,835.00
SLASHER,AGRICULTURE,,EACH,560.00
JEMBE JOGOO MEDIUM SIZE,AGRICULTURE,,EACH,965.00
SCATURE,AGRICULTURE,,EACH,1490.00
PRUNING SAW,AGRICULTURE,,EACH,430.00
GLOVES FOR SHAMBA,AGRICULTURE,,EACH,430.00
PRUNNING SHEARS,AGRICULTURE,,EACH,1180.00
LEAF RAKE PLASTIC,AGRICULTURE,,EACH,965.00
LEAF RAKE METALLIC SMALL,AGRICULTURE,,EACH,1025.00
LEAF RAKE METALLIC BIG,AGRICULTURE,,EACH,3715.00
CLAW HAMMER,AGRICULTURE,,EACH,800.00
CHISEL 7”,ART & CRAFT,,EACH,590.00
TAPE MEASURE 15 FTS,ART & CRAFT,,EACH,705.00
TAPE MEASURE 50 MTRS LEATHER,ART & CRAFT,,EACH,1125.00
TAPE MEASURE 100 MTRS LEATHER,ART & CRAFT,,EACH,2455.00
TRI SQUARE,ART & CRAFT,,EACH,470.00
SAND PAPER,ART & CRAFT,,EACH,240.00
REVOLVING PUNCH,ART & CRAFT,,EACH,3995.00
CARVING KNIFE,ART & CRAFT,,EACH,2000.00
TUFFBOND ½ KG,ART & CRAFT,,EACH,825.00
COVER MATT WHITE 4LTRS,ART & CRAFT,,EACH,2145.00
BLACKBOARD PAINT 1LTR,ART & CRAFT,,EACH,845.00
PLIES,ART & CRAFT,,EACH,470.00
HAND SAW,ART & CRAFT,,EACH,705.00
WOOD FILE SMALL,ART & CRAFT,,EACH,1010.00
WOOD FILE BIG,ART & CRAFT,,EACH,2410.00
SCRAPPER,ART & CRAFT,,EACH,570.00
WOOD GLUE ½ LTR,ART & CRAFT,,EACH,1250.00
ARTIST SKETCH PAD A4(50 LEAFS),ART & CRAFT,,EACH,295.00
ARTIST SKETCH PAD A3(50 LEAFS),ART & CRAFT,,EACH,580.00
ARTIST BRUSHES SMALL SIZE (6 PCS),ART & CRAFT,,PKT,590.00
ARTIST BRUSHES MEDIUM SIZE (12),ART & CRAFT,,PKT,705.00
ARTIST BRUSH BIG SIZE (12 PCS),ART & CRAFT,,PKT,840.00
ACRYLIC PAINTS,ART & CRAFT,,PKT,1070.00
GLUE ADHESIVE,ART & CRAFT,,EACH,1175.00
INDIAN INK 35ML,ART & CRAFT,,EACH,510.00
KNIFE CUTTER,ART & CRAFT,,EACH,600.00
KNIFE CUTTER MP-9,ART & CRAFT,,EACH,590.00
MOULDING CLAY 110GMS,ART & CRAFT,,PKT,175.00
MOULDING CLAY 160GMS (MULTI COLOR),ART & CRAFT,,PKT,220.00
MOULDING CLAY 500 GMS (MULTI COLOR,ART & CRAFT,,PKT,510.00
MOULDING CLAY 500 GMS SINGLE COLO,ART & CRAFT,,PKT,370.00
MOULDING CLAY 160GMS SINGLE COLOUR,ART & CRAFT,,PKT,250.00
TRACING PAPER A4,ART & CRAFT,,EACH,95.00
TRACING PAPER A3,ART & CRAFT,,EACH,95.00
ART PAPER,ART & CRAFT,,EACH,110.00
DRAWING BOARD 2*1,ART & CRAFT,,EACH,4585.00
DRAWING BOARD (CHIRLD),ART & CRAFT,3 YEARS+,EACH,520.00
SUPER GLUE (),ART & CRAFT,CHINA,EACH,65.00
DRAWING BOOK A3,ART & CRAFT,,EACH,290.00
DRAWING BOOK A4,ART & CRAFT,,EACH,105.00
CRAYONS SMALL,ART & CRAFT,,PKT,105.00
CRAYONS MEDIUM,ART & CRAFT,,PKT,155.00
CRAYONS JUMBO,ART & CRAFT,,PKT,370.00
COLOUR PENCILS ½ SIZE,ART & CRAFT,,PKT,205.00
COLOUR PENCILS FULL SIZE,ART & CRAFT,,PKT,410.00
POWDER PAINTS,ART & CRAFT,,EACH,575.00
SCALE RULER(TRIANGLE RULER)TECHNICAL,ART & CRAFT,,EACH,920.00
T SQUARE (TECHNICAL),ART & CRAFT,,EACH,1570.00
DRAWING SET (TECHNICAL),ART & CRAFT,,EACH,3665.00
SET SQUARE (TECHNICAL),ART & CRAFT,,EACH,1295.00
PAINTING KITS,ART & CRAFT,DOMS,PKT,1590.00
PENS SKETCH,ART & CRAFT,NATARAJ,EACH,75.00
"DRAWING PENCILS HELIX H,2H,6H,B,2B,3B,4B,5B,6B,8B,HB",ART & CRAFT,NATARAJ,EACH,75.00
DRAWING PENCILS,ART & CRAFT,DOMS,EACH,435.00
STENCIL RULERS SMALL SIZE,ART & CRAFT,,EACH,105.00
STENCIL RULERS MEDIUM SIZE,ART & CRAFT,,EACH,205.00
STENCIL RULERS BIG SIZE,ART & CRAFT,,EACH,335.00
SCRIBLING PAD A4 (50LEAVES),ART & CRAFT,KASUKU/ECNO,REAM,260.00
WATER COLOURS ( CAKE 12 SHADE),ART & CRAFT,DOMS,PKT,385.00
WATER COLOURS ( CAKE 24 SHADE),ART & CRAFT,DOMS,PKT,510.00
WATER COLOURS ( CAKE 36 SHADE),ART & CRAFT,DOMS,PKT,600.00
WATER COLOURS (CAKE MINI15 SHADE),ART & CRAFT,DOMS,PKT,225.00
AQUA WATER COLOUR PENS 12SHADES,ART & CRAFT,DOMS,PKT,250.00
AQUA WATER COLOUR PENS 24SHADES,ART & CRAFT,DOMS,PKT,660.00
BRUSH 14 PENS DISPAY BOX,ART & CRAFT,DOMS,EACH,1360.00
ART APP NXT KIT,ART & CRAFT,DOMS,EACH,3795.00
GILTER TUBES 10ML,ART & CRAFT,DOMS,EACH,470.00
GILTER TUBES 5.5ML,ART & CRAFT,DOMS,EACH,335.00
ERAS-NER BLISTER,ART & CRAFT,DOMS,EACH,15150.00
METALIC BRASH PENS 10 SHADES,ART & CRAFT,DOMS,EACH,2465.00
OIL PASTELS 12 SHADES,ART & CRAFT,DOMS,EACH,470.00
OIL PASTELS 25SHADES,ART & CRAFT,DOMS,EACH,770.00
OIL PASTELS (50),ART & CRAFT,DOMS,EACH,1515.00
POSTER COLOUR 6 SHADES,ART & CRAFT,DOMS,EACH,630.00
POSTER COLOURS 10ML,ART & CRAFT,NATARAJ,EACH,400.00
SCHOOL ESSENTIALMY 1ST PENCIL KIT,ART & CRAFT,DOMS,EACH,100.00
SCHOOL ESSENTIALX1 PREMIUM KIT,ART & CRAFT,DOMS,EACH,175.00
SUPER DARK PENCILS XL,ART & CRAFT,DOMS,EACH,465.00
SUPER DARK PENCIL YI+,ART & CRAFT,DOMS,EACH,265.00
TEMPER COLOUR 12 SHADES,ART & CRAFT,DOMS,EACH,210.00
TEMPER COLOUR 6 SHADES,ART & CRAFT,DOMS,EACH,1150.00
TWO DOOZ PENCIL SHARPENERS,ART & CRAFT,DOMS,EACH,85.00
ULTMATE PENCILS,ART & CRAFT,DOMS,EACH,325.00
WATER COLOUR TUBES 12 SHADES,ART & CRAFT,DOMS,EACH,580.00
WATER COLOUR TUBES 5ML 14,ART & CRAFT,NATARAJ,EACH,95.00
WATER COLOUR TUBE WITH ONE BRUSH,ART & CRAFT,NATARAJ,EACH,85.00
WOW KIT,ART & CRAFT,DOMS,EACH,385.00
SCRAP BOOK,ART & CRAFT,KASUKU,EACH,275.00
CRAFT PAPER,ART & CRAFT,KASUKU,EACH,275.00
PRACTICE COLOURING BOOK,ART & CRAFT,ECONOMIC,EACH,140.00
NUMBERS ACTIVITY BOOK,ART & CRAFT,ECONOMIC,EACH,140.00
JOINT DOT TO DOT BOOT,ART & CRAFT,ECONOMIC,EACH,140.00
ALPHABET ACTIVITY BOOKS,ART & CRAFT,ECONOMIC,EACH,140.00
TWISTABLE CRAYONS,ART & CRAFT,M&G,EACH,515.00
AUDIO DIVICE,MUSIC,ALYON,EACH,16635.00
SPEAKER WIRELESS,MUSIC,ORAIMO,EACH,14440.00
SUB-WOOFER,MUSIC,SEA PIANO,EACH,24065.00
KAYAMBA SMALL,MUSIC,,EACH,2750.00
KAYAMBA BIG,MUSIC,,EACH,3850.00
DRUM WITH SLING (CHAPUO),MUSIC,,EACH,3300.00
FLUIT DESCANT RECORDER,MUSIC,,EACH,415.00
KIVOT,MUSIC,,EACH,2915.00
BUL DRUM,MUSIC,,EACH,4950.00
WHISTLE FOX 40,MUSIC,,EACH,1210.00
HP 123 BLACK,OFFICE EQUIPMENT,HP,EACH,4950.00
HP 122 BLACK,OFFICE EQUIPMENT,HP,EACH,4950.00
CP1-10 INK,OFFICE EQUIPMENT,,EACH,4950.00
COMPATIBLE INK PRINT RITE BLACK BOTTLE,OFFICE EQUIPMENT,,EACH,6600.00
HP 920 XL,OFFICE EQUIPMENT,HP,EACH,4950.00
EPSON ECO TANK INK,OFFICE EQUIPMENT,EPSON,EACH,4950.00
DX INK 2430,OFFICE EQUIPMENT,,EACH,1650.00
DX INK 2330 BLACK,OFFICE EQUIPMENT,,EACH,6600.00
RICOR TONER MIF 1 (171),OFFICE EQUIPMENT,,EACH,1760.00
DX MASTER 2430,OFFICE EQUIPMENT,,EACH,1515.00
KYOCERA TK-4105,OFFICE EQUIPMENT,,EACH,6600.00
C-EKU 33,OFFICE EQUIPMENT,,EACH,4400.00
M7 2501,OFFICE EQUIPMENT,,EACH,3300.00
RISO MASTER E-TYPE,OFFICE EQUIPMENT,,EACH,3850.00
RISO INK F-TYPE,OFFICE EQUIPMENT,,EACH,5500.00
TONER 107A/106A,OFFICE EQUIPMENT,,EACH,10590.00
CARTRIDGE 46 BLACK/COLOUR 56,OFFICE EQUIPMENT,CANON E414,EACH,4815.00
TONER TK KYOCERA 7205,OFFICE EQUIPMENT,,EACH,10590.00
MODEM,OFFICE EQUIPMENT,,EACH,3850.00
POCKET WIFI,OFFICE EQUIPMENT,,EACH,9625.00
FLASH DISK 32 GB,OFFICE EQUIPMENT,EXELLENT,EACH,1925.00
FLASH DISK 64 GB,OFFICE EQUIPMENT,EXELLENT,EACH,2625.00
FLASH DISK 128 GB,OFFICE EQUIPMENT,EXELLENT,EACH,4815.00
EXTENTION CABLE 5MTRS,OFFICE EQUIPMENT,,EACH,2695.00
EXTENTION CABLE 10MTRS,OFFICE EQUIPMENT,,EACH,3080.00
TORCH POWEFUL RECHARGABLE BIG SIZE,OFFICE EQUIPMENT,KM-H07W,EACH,2505.00
TORCH POWEFUL RECHARGABLE SMALL SIZE,OFFICE EQUIPMENT,KM-H06W,EACH,2120.00
TORCH RECHARGABLE MEDIUM SIZE,OFFICE EQUIPMENT,CASTON ST-830,EACH,680.00
TORCH BATTERY,OFFICE EQUIPMENT,CASTON ST-830,EACH,485.00
FRIDGE GUARD,OFFICE EQUIPMENT,,EACH,2505.00
WALL FAN,OFFICE EQUIPMENT,ALYON,EACH,6740.00
FAN WITH STAND,OFFICE EQUIPMENT,ALYON,EACH,7180.00
PADLOCKS 40MM,OFFICE EQUIPMENT,WORLD CLASS,EACH,1050.00
PADLOCKS 50MM,OFFICE EQUIPMENT,WORLD CLASS,EACH,1350.00
PADLOCKS 60MM,OFFICE EQUIPMENT,WORLD CLASS,EACH,1550.00
PADLOCKS 40MM,OFFICE EQUIPMENT,WORLD CLASS,EACH,1450.00
EPSON PRINTER L3250,OFFICE EQUIPMENT,EPSON,EACH,44000.00
LASER JET PRINTER,OFFICE EQUIPMENT,MFP135A,EACH,49500.00
KYCERA PRINTER,OFFICE EQUIPMENT,TASKALFA 4500i,EACH,127285.00
KYCERA PRINTER,OFFICE EQUIPMENT,TASKALFA 3511i,EACH,234465.00
DESK TOP CORE i3,OFFICE EQUIPMENT,HP,EACH,29700.00
DESK TOP CORE i5,OFFICE EQUIPMENT,HP,EACH,38500.00
LAPTOP WINDOWS 10,OFFICE EQUIPMENT,HP,EACH,53350.00
EPSON INK,OFFICE EQUIPMENT,CLARION/CLARIT,EACH,350.00
TONER 79A,OFFICE EQUIPMENT,HP,EACH,22690.00
TONER 1125,OFFICE EQUIPMENT,HP,EACH,5160.00
TONER 80A,OFFICE EQUIPMENT,HP,EACH,3300.00
TONER 05A,OFFICE EQUIPMENT,HP,EACH,3300.00
TONER 36A,OFFICE EQUIPMENT,HP,EACH,3300.00
TONER 35A,OFFICE EQUIPMENT,HP,EACH,3300.00
TONER 85A,OFFICE EQUIPMENT,HP,EACH,3300.00
TONER 83A,OFFICE EQUIPMENT,HP,EACH,3300.00
TONER 78A,OFFICE EQUIPMENT,HP,EACH,3300.00
TONER 17A,OFFICE EQUIPMENT,HP,EACH,4950.00
TONER 26A,OFFICE EQUIPMENT,HP,EACH,4950.00
TONER 49A,OFFICE EQUIPMENT,HP,EACH,3300.00
TONER 53A,OFFICE EQUIPMENT,HP,EACH,3300.00
TONER 126A,OFFICE EQUIPMENT,HP,EACH,4950.00
TONER 410A,OFFICE EQUIPMENT,HP,EACH,4950.00
TONER 201A,OFFICE EQUIPMENT,HP,EACH,4950.00
TONER 205A,OFFICE EQUIPMENT,HP,EACH,4950.00
TONER TR410,OFFICE EQUIPMENT,HP,EACH,4950.00
TONER 130A YELLOW,OFFICE EQUIPMENT,HP,EACH,4950.00
TONER 55A,OFFICE EQUIPMENT,HP,EACH,4950.00
TONER 90A,OFFICE EQUIPMENT,HP,EACH,4950.00
HP CF351A (CYAN),OFFICE EQUIPMENT,HP,EACH,4950.00
HP CF352(YELLOW),OFFICE EQUIPMENT,HP,EACH,4950.00
HP CF353 (MAGENTA),OFFICE EQUIPMENT,HP,EACH,4950.00
HP CARTRIDGE BLACK 650,OFFICE EQUIPMENT,HP,EACH,4950.00
HP TRI COLOR 122,OFFICE EQUIPMENT,HP,EACH,4950.00
PADLOCKS 40MM,OFFICE EQUIPMENT,TOP SECURITY,EACH,445.00
PADLOCKS 50MM,OFFICE EQUIPMENT,TOP SECURITY,EACH,500.00
PADLOCKS 60MM,OFFICE EQUIPMENT,TOP SECURITY,EACH,580.00
PADLOCKS 70MM,OFFICE EQUIPMENT,TOP SECURITY,EACH,680.00
LOCKER WITH CHAIR,OFFICE EQUIPMENT,WOODEN,SET,4950.00
LOCKER WITH CHAIR,OFFICE EQUIPMENT,METALIC FRAME,SET,5500.00
PLASTIC CHAIR,OFFICE EQUIPMENT,KENPOLY,EACH,1450.00
PLASTIC CHAIR HEAVY DUTY,OFFICE EQUIPMENT,,EACH,1650.00
PLASTIC CHAIR EXECUTIVE,OFFICE EQUIPMENT,BAMBOO,EACH,580.00
OFFICE EXECUTIVE CHAIR SMALL,OFFICE EQUIPMENT,,EACH,6160.00
SMALL ROTATING OFFICE EXECUTIVE CHAIR,OFFICE EQUIPMENT,,EACH,9625.00
MEDIUM ROTATING EXECUTIVE CHAIR,OFFICE EQUIPMENT,,EACH,15785.00
LONG BACKREST ROTATING EX CHAIR (1),OFFICE EQUIPMENT,,EACH,29260.00
LONG BACKREST ROTATING EX CHAIR (2),OFFICE EQUIPMENT,,EACH,38115.00
EXECUTIVE TABLE GLASS,OFFICE EQUIPMENT,,EACH,35615.00
EXECUTIVE TABLE WOODEN (1),OFFICE EQUIPMENT,,EACH,33690.00
EXECUTIVE TABLE WOODEN (2),OFFICE EQUIPMENT,,EACH,37540.00
OFFICE TABLE HARD WOOD 2.5FTS*5FTS,OFFICE EQUIPMENT,,EACH,24750.00
OFFICE TABLE SOFT WOOD 2.5FTS*5FTS,OFFICE EQUIPMENT,,EACH,18565.00
CUPBOARD (1) METALIC,OFFICE EQUIPMENT,,EACH,43315.00
CUPBOARD (2) METALIC,OFFICE EQUIPMENT,,EACH,49090.00
DUST BIN (WEST PAPER) SMALL,OFFICE EQUIPMENT,,EACH,305.00
DUST BIN (WEST PAPER) BIG,OFFICE EQUIPMENT,,EACH,2795.00
HDHI CABLE 1.5MTRS,OFFICE EQUIPMENT,,EACH,550.00
VGA CABLE,OFFICE EQUIPMENT,,EACH,385.00
USB CABLE,OFFICE EQUIPMENT,,EACH,385.00
DVI CABLE,OFFICE EQUIPMENT,,EACH,1925.00
TYPE C SMART PHONE CABLE,OFFICE EQUIPMENT,,EACH,495.00
BLOWER,OFFICE EQUIPMENT,,EACH,3850.00
WALL CLOCK SMALL SIZE,OFFICE EQUIPMENT,,EACH,1.65
WALL CLOCK MEDIUM SIZE 1,OFFICE EQUIPMENT,,EACH,1925.00
WALL CLOC MEDIUM SIZE 2,OFFICE EQUIPMENT,,EACH,2310.00
WALL CLOCK BIG SIZE,OFFICE EQUIPMENT,,EACH,2890.00
PEN HOLDER,OFFICE EQUIPMENT,,EACH,415.00
OFFICE TRAY 2 LAYERS,OFFICE EQUIPMENT,,EACH,2065.00
OFFICE TRAY 3 LAYERS,OFFICE EQUIPMENT,,EACH,2750.00
KENYAN FLAG 24*36 SMALL,OFFICE EQUIPMENT,,EACH,2750.00
KENYAN FLAG 30*46 MEDIUM,OFFICE EQUIPMENT,,EACH,4550.00
KENYAN FLAG LARGE 40*60,OFFICE EQUIPMENT,,EACH,5610.00
KENYAN FLAG EXTRA LARGE 48*72,OFFICE EQUIPMENT,,EACH,8855.00
FIRE EXTINGUISHER 500ML,OFFICE EQUIPMENT,,EACH,1045.00
FIRE EXTINGUISHER DRY POWDER 1KG,OFFICE EQUIPMENT,,EACH,4125.00
FIRE EXTINGUISHER DRY POWDER 2KGS,OFFICE EQUIPMENT,,EACH,14355.00
FIRST AID BOX SMALL HEALTH FIRST,OFFICE EQUIPMENT,,EACH,5500.00
FIRST AID BOX MEDIUM HEALTH FIRST,OFFICE EQUIPMENT,,EACH,9625.00
FIRST AID BOX LARGE METAL BOX,OFFICE EQUIPMENT,,EACH,17740.00
EAST AFRICA 40*60 LARGE,OFFICE EQUIPMENT,,EACH,8255.00
METAL BOX SIZE 36,OFFICE EQUIPMENT,LIGHT,EACH,4815.00
METAL BOX SIZE 32,OFFICE EQUIPMENT,LIGHT,EACH,3850.00
METAL BOX SIZE 36,OFFICE EQUIPMENT,HEAVY,EACH,6740.00
METAL BOX SIZE 40,OFFICE EQUIPMENT,HEAVY,EACH,8280.00
EXECUTIVE CABINET,OFFICE EQUIPMENT,,EACH,49500.00
FOOTBALL ‘ KID STAR’ SIZE 2 AND3 AGE6-9,SPORTS,KENYA,EACH,2515.00
FOOTBALL CHAMPION S3,SPORTS,SAMBA,EACH,4195.00
FOOTBALL LEATHER SIZE 4 AGE 9-14,SPORTS,KENYA,EACH,3595.00
FOOTBALL CHAMPIONS4,SPORTS,SAMBA,EACH,4195.00
FOOTBALL PROSTARS4,SPORTS,SAMBA,EACH,6220.00
FOOTBALL BRILLIANT S4,SPORTS,SAMBA,EACH,8255.00
BASKETBALL JAPAN SIZE 7,SPORTS,SPARO,EACH,7000.00
BASKETBALL RINGS ROUND 10,SPORTS,ORDINARY,PAIR,3850.00
BASKETBALL NET 4MM,SPORTS,SPARO COLOUR,PAIR,1085.00
VOLLEYBALL NET NYLON WITH WIRE 2MM,SPORTS,SPARO,EACH,4235.00
VOLLEYBALL NET NYLON HEAVY TYPE WITH WIRE,SPORTS,SPARO,EACH,8255.00
VOLLEYBALL NET NYLON HEAVY WITHOUT WIRE,SPORTS,SPARO,EACH,6700.00
VOLLEYBALL NET NYLON WITHOUT WIRE,SPORTS,SPARO,EACH,2750.00
AIR PUMP FOOT TYPE,SPORTS,SPARO,EACH,2550.00
AIR PUMP 12” HANDTYPE RED-NEELE ONLY,SPORTS,SPARO,EACH,825.00
WHISTLES PLASTIC,SPORTS,,EACH,415.00
WHISTLES METAL,SPORTS,METAL,EACH,600.00
WHISTLES FOX 40,SPORTS,FOX,EACH,1045.00
GOAL NET (FOOTBALL),SPORTS,SPARO 2MM,PAIR,17985.00
DISCUS 1KG WOODEN GIRLS,SPORTS,SPARO INDIA,EACH,4180.00
DISCUS 1.5KG WOODEN GIRLS,SPORTS,SPARO INDIA,EACH,4550.00
DISCUS 1.75KG WOODEN BOYS,SPORTS,SPARO INDIA,EACH,4785.00
DISCUS 2KG WOODEN BOYS,SPORTS,SPARO INDIA,EACH,5385.00
DISCUS 1KG PLASTIC GIRLS,SPORTS,SPARO INDIA,EACH,5150.00
DISCUS 1.5KG PLASTIC GIRLS,SPORTS,SPARO INDIA,EACH,7300.00
DISCUS 2KG PLASTIC BOYS,SPORTS,SPARO INDIA,EACH,8255.00
JAVELIN 400GMS GIRLS,SPORTS,SPARO INDIA,EACH,5150.00
JAVELIN 500GMS BOYS,SPORTS,SPARO INDIA,EACH,6105.00
JAVELIN 600GMS,SPORTS,SPARO INDIA,EACH,7900.00
JAVELIN 700GMS,SPORTS,SPARO INDIA,EACH,8435.00
JAVELIN 800GMS,SPORTS,SPARO INDIA,EACH,8855.00
LONG JUMP FLAG-WHITE AND RED,SPORTS,,EACH,3115.00
RELAY BATTONS PLASTIC (8 ASSORTED COLOURS IN A SET),SPORTS,INDIA,EACH,2515.00
RELAY BATTONS ALUMINIUM (8 ASSORTED COLOURS IN A SET),SPORTS,INDIA,SET,5865.00
RELAY BATTONS (8 ASSORTED COLOURS IN A SET) IAAF,SPORTS,INDIA,SET,6220.00
SHORT PUT 2KGS GIRLS,SPORTS,INDIA,EACH,2890.00
SHORT PUT 3.25KGS GIRLS,SPORTS,INDIA,EACH,3830.00
SHORT PUT 4KGS BOYS,SPORTS,INDIA,EACH,5925.00
SHORT PUT 5KGS BOYS,SPORTS,INDIA,EACH,6700.00
STARTER WOODEN,SPORTS,,EACH,1560.00
STOP WATCH ELECTRONIC PROFESSIONAL,SPORTS,,EACH,1200.00
STOP WATCH ELECTRONIC METAL CASE 8LAP TIMER,SPORTS,SPARO CHINA,EACH,7180.00
TUG OF WAR ROPE1” THICK 3KG,SPORTS,KENYA,EACH,6345.00
BASEBALL BAT WOODEN JUNIOR,SPORTS,,EACH,10410.00
BASEBALL PU MATERIAL 92MM,SPORTS,,EACH,5920.00
BASEBALL LEATHER 92MM,SPORTS,,EACH,6700.00
BASKETBALL DR880 OUTDOOR-RUBBER SIZE 7,SPORTS,DUNLOP,EACH,3830.00
BASKETBALL NO 1159 SIZE 6,SPORTS,JAPAN,EACH,4785.00
"BASKETBALL NO 1000,1110,1150 SIZE 7",SPORTS,JAPAN,EACH,5265.00
BASKETBALL SPALDING TF 150 SIZE 6,SPORTS,THAILAND,EACH,6220.00
BASKETBALL SPALDING ATTACK BRICK RUBBER SIZE 6,SPORTS,,EACH,5870.00
BASKETBALL SPALDING HEAT S7,SPORTS,MIAMI,EACH,7300.00
BASKETBALL SPALDING SILVER NBA OUTDOOR SIZE 7,SPORTS,THAILAND,EACH,7780.00
BASKETBALL ORANGE PAKISTAN SIZE 7,SPORTS,SPARO,EACH,4195.00
BASKETBALL NET 4MM COLOURED,SPORTS,SPARO,PAIR,1435.00
BASKETBALL NOZZLE,SPORTS,,EACH,480.00
BASKETBAL-ROUND RINGS 10-ORDINARY ORANGE,SPORTS,,PAIR,4185.00
BASKETBAL- RINGS ROUND 12-HEAVY DUTY YELLOW,SPORTS,,PAIR,5265.00
BASKETBALL UNIFORMS FINE KNIT,SPORTS,,PAIR,1200.00
BASKETBALL UNIFORMS NEW FEEL,SPORTS,,PAIR,5265.00
BASKETBALL COACHING BOARD,SPORTS,,SET,4070.00
MUSCLE TAPE (5M*5CM),SPORTS,,EACH,2035.00
SKIPPING ROPE-NYLON HEAVY DUTY,SPORTS,SPARO 10FTS,EACH,600.00
SKIPPING ROPE-NYLON HEAVY DUTY,SPORTS,SPARO 13FTS,EACH,720.00
SKIPPING ROPE-NYLON 8FTS,SPORTS,,EACH,480.00
SKIPPING ROPE-COTTON WOODEN HANDLE,SPORTS,SPARO 10/12FTS,EACH,840.00
SKIPPING ROPE-COTTON WOODEN HANDLE,SPORTS,SPARO 13FTS,EACH,960.00
CAPTAIN’S BAND JUNIOR WITH VELCRO,SPORTS,,EACH,600.00
CORNER FLAGS WITH SPRING,SPORTS,,EACH,11965.00
"FOOTBALL BLADDER- SIZE 1,2,3,4,5",SPORTS,,EACH,600.00
FOOTBALL COACHING BOARD MAGNETIC FOLDER 9*14’’ MARKER&MAGNETS,SPORTS,,EACH,7420.00
FOOTBALL COACHING BOARD MAGNETIC ON FRAME 12*18’’ MARKER MAGNETS&ERASE,SPORTS,,EACH,7780.00
FOOTBALL LEATHER SIZE 5 KENYA NO.4000,SPORTS,SPARO,EACH,4950.00
"FOOTBALLSPARO LEATHER SIZE 5 PAKISTAN, NO.4010",SPORTS,SPARO,EACH,5225.00
FOOTBALL NEO 150 PRO TSBE-FIFA APPROVED,SPORTS,UMBRO,EACH,13520.00
FOOTBALL ‘ DF25’/DF35,SPORTS,DUNLOP,EACH,7180.00
FOOTBALL ‘BALLON STAR’,SPORTS,,EACH,5150.00
FOOTBALL ‘KING’,SPORTS,KING,EACH,5150.00
FOOTBALL ‘ PC5’,SPORTS,MIKASA,EACH,9695.00
FOOTBALL ‘ NC5’,SPORTS,MIKASA,EACH,11135.00
FOOTBALL ‘ PKC55’,SPORTS,MIKASA,EACH,11370.00
FOOTBALL’ PRESTIGE’ S5,SPORTS,SAMBA,EACH,4550.00
FOOTBALL ‘SABMA PROSTAR’ S5/ MATRIX’ S5,SPORTS,SAMBA,EACH,6220.00
FOOTBALL ‘ HARD GROUND’S5,SPORTS,SAMBA,EACH,7660.00
FOOTBALL ‘ BRILLIANT’ S5/VOYAGER’ S5,SPORTS,SAMBA,EACH,8255.00
FOOTBALL ‘ ADVANCE’ S5,SPORTS,SAMBA,EACH,9335.00
FOOTBALL ‘ EXTREME’ S5,SPORTS,SAMBA,EACH,11370.00
FOOTBALL ‘ KINGS’,SPORTS,SAMBA,EACH,11730.00
FOOTBALL ‘ IMPACT’ S5-FIFA QUALITY,SPORTS,SAMBA,EACH,9335.00
FOOTBALL ‘ BRILLIANT’ S5 FIFA PRO,SPORTS,SAMBA,EACH,10445.00
FOOTBALL GOAL NET ‘ GUDGET’ 1MM,SPORTS,,PAIR,12445.00
FOOTBALL GOAL NET ‘ ’ 2MM,SPORTS,SPARO,PAIR,17950.00
FOOTBALL GOAL NET ‘ 18 PLY LOCAL’,SPORTS,,PAIR,11605.00
FOOTBALL GOAL NET ‘ 42 PLY LOCAL’,SPORTS,,PAIR,21890.00
FOOTBALL GOAL NET ‘ 3MM’ LOCAL,SPORTS,,PAIR,32180.00
FOOTBALL GOAL NET ‘ 4MM LOCAL,SPORTS,,PAIR,44145.00
FOOTBALL STUDY- PLASTIC,SPORTS,,SET,960.00
FOOTBALL STUDY- ALUMINIUM,SPORTS,,SET,1320.00
REFEREE CARDS-TYPE 1(CARDS ONLY),SPORTS,,SET,1000.00
REFEREE CARDS-TYPE 2(CARDS PENCIL BOOK),SPORTS,,SET,1250.00
REFEREE FLAG TYPE 1/2 LINEMAN FLAG 4SQUARES/ DIAMOND DESIGN,SPORTS,,SET,2515.00
FOOTBALL TRAINING BIBS ‘FINE KNIT’ JUNIOR,SPORTS,,EACH,845.00
FOOTBALL TRAINING BIBS REVERSABLE FINE KNIT SENIOR/JUNIOR,SPORTS,,EACH,1560.00
FOOTBALL TRAINING BIBS PVC,SPORTS,,EACH,2515.00
"HANDBALL ‘HAWK’ SIZE 1,2,3",SPORTS,‘HAWK’,EACH,3500.00
"HANDBALL ‘CHAKARVARTT’ SIZE 1,2",SPORTS,,EACH,4010.00
HANDBALL ‘’ SIZE 3,SPORTS,SPARO,EACH,4010.00
"HANDBALL ‘SAFARI’ SIZE 1,2",SPORTS,SAFARI,EACH,2035.00
"HANDBALL’’ RED H1,H2,H3",SPORTS,MIKASA,EACH,7780.00
"HANDBALL ‘’ YELLOW HBTS1/HBTS2,HBTS3",SPORTS,MIKASA,EACH,12445.00
"HANDBALL ‘’ S1,S2,S3",SPORTS,KEMPA,EACH,8255.00
"HANDBALL ‘ GRIPPY S2,GRIPPY S3",SPORTS,SAMBA,EACH,6700.00
HANDBALL GOAL NET 2MM,SPORTS,SPARO,PAIR,9570.00
HANDBALL GROIN GUARD FOR WOMEN,SPORTS,,EACH,2035.00
HOKEY BALL CORK,SPORTS,,EACH,245.00
HOKEY BALL LEATHER ‘GISCO’DIMPES,SPORTS,,EACH,960.00
HOKEY BALL LEATHER ‘GUJRAL SUPER’,SPORTS,,EACH,725.00
HOKEY BALL ‘DIMPLEGT’ A READER- MADE IN,SPORTS,ENGLAND,EACH,3350.00
"HOKEY BALL ‘DIMPLE’ RED,ORANGE,YELLOW",SPORTS,SPARO,EACH,720.00
"HOKEY BALL ‘SAFARI’ COLOURED,DIMPLE WHITE ‘SAFARI,DIMLE RAINBOW’",SPORTS,SPARO,EACH,600.00
"HOKEY BALL MATCH WHITE ,BLUE,YELLOW.ORANGE DITA",SPORTS,,EACH,2035.00
HOKEY BALL IN BLISTER PACK WHITE DITA,SPORTS,,EACH,120.00
"HOKEY BALL ‘CHAKARVATI’ HB01 WHITE,HB07 ORANGE",SPORTS,,EACH,1200.00
"HOKEY STICK’ SPEED KING’ N30,33,36 WOODEN",SPORTS,,EACH,2875.00
HOKEY STICK’ FOR GOALKEEPER ‘IKON’,SPORTS,,EACH,6220.00
HOKEY STICK’ SHORTS FINE KNIT,SPORTS,,PAIR,2160.00
NETBALL NET NYLON 4MM,SPORTS,SPARO,PAIR,845.00
NETBALL RINGS,SPORTS,,PAIR,5500.00
NETBALL 8010 ORANG RUBBER WITH GRIP,SPORTS,SPARO,EACH,3950.00
"NETBALL S4 8020,S5 8020 KENYA",SPORTS,SPARO,EACH,3595.00
NETBALL ‘ 3500’JAPAN,SPORTS,MIKASA,EACH,4785.00
NETBALL ‘’ ULTRA PLUS PINK,SPORTS,MOLTEN,EACH,4430.00
NETBALL ‘’ INTERNATIONAL HSN-1000,SPORTS,MOLTEN,EACH,7150.00
NETBALL BIBS,SPORTS,,EACH,3950.00
NETBALL BIBS REVERSIBLE,SPORTS,,EACH,7900.00
NETBALL COATCHING BOARD 9*14’’ WITH MARKER & MAGNET,SPORTS,,EACH,11370.00
ROUNDERS BALL,SPORTS,SPARO,EACH,600.00
ROUNDERS BALL SUPERIOR,SPORTS,SPARO,EACH,2160.00
ROUNDERS BAT 35CM (14’’) JUNIOR,SPORTS,SPARO,EACH,1680.00
ROUNDERS BAT 45CM (18’’) SENIOR SPQARO,SPORTS,SPARO,EACH,2160.00
VOLLEYBALL ANTENA FIBRE GLASS POLE,SPORTS,SPARO,PAIR,10530.00
VOLLEYBALL COLOURED CHINA KT1850,SPORTS,SPARO,EACH,4235.00
"VOLLEYBALL ‘’ SOFT COLOURED PAKISTAN, NO9010",SPORTS,SPARO,EACH,5030.00
VOLLEYBALL KENYA NO. 9000,SPORTS,SPARO,EACH,3595.00
VOLLEYBALL ‘ VWL210’ WHITE,SPORTS,MIKASA,EACH,10415.00
VOLLEYBALL ‘ MV210’ COLOURED,SPORTS,MIKASA,EACH,11965.00
VOLLEYBALL ‘ V330W’ COLOURED,SPORTS,MIKASA,EACH,19025.00
VOLLEYBALL ‘ MVA 310’ COLOURED,SPORTS,MIKASA,EACH,15075.00
VOLLEYBALL ‘ MVA 300’ COLOURED,SPORTS,MIKASA,EACH,16990.00
VOLLEYBALL ‘ MVA 200’ COLOURED,SPORTS,MIKASA,EACH,20220.00
VOLLEYBALL ‘ V330W-L-215-235GMS COLOURED,SPORTS,MIKASA,EACH,11965.00
VOLLEYBALL ‘ V320W’ NATIONAL COMPETITION COLOURED,SPORTS,MIKASA,EACH,15075.00
VOLLEYBALL ‘ V5000’,SPORTS,SAMBA,EACH,11370.00
VOLLEYBALL ARM WARMERS,SPORTS,,PAIR,845.00
"AIR PUMP HAND TYPE BLUE,RED 12’’-INFLATING LEAD WITH NEEDLE",SPORTS,CHINA,EACH,960.00
AIR PUMP FOOT/HAND TYPE WITH ACCUMILATOR,SPORTS,SPARO,EACH,2515.00
FOOTBALL INFLATING NEEDLE SMALL,SPORTS,,EACH,90.00
FOOTBALL INFLATING NEEDLE BIG,SPORTS,,EACH,245.00
WHISTLE 40 WITHOUT LANYAD( RED PACK),SPORTS,SPARO,EACH,1000.00
WHISTLE 40 WITH LANYAD( RED PACK),SPORTS,SPARO,EACH,1000.00
WHISTLE ’ FOX40 PLASTIC’ WITH FINGER LOOP,SPORTS,,EACH,1210.00
WHISTLE ACME/AVONE PLASTIC,SPORTS,,EACH,100.00
WHISTLE STEEL,SPORTS,,EACH,260.00
"MEDAL 45MM BRONZE,68MM GOLD,68MM SLIVER",SPORTS,,EACH,720.00
SHIELD WOODEN LOCAL 5’’,SPORTS,,EACH,3595.00
SHIELD WOODEN LOCAL 6’’,SPORTS,,EACH,4070.00
SHIELD WOODEN LOCAL 8’’,SPORTS,,EACH,4430.00
SHIELD WOODEN LOCAL 10’’,SPORTS,,EACH,5265.00
SHIELD WOODEN LOCAL 12’’,SPORTS,,EACH,6345.00
SHIELD WOODEN LOCAL 14’’,SPORTS,,EACH,7180.00
SHIELD WOODEN LOCAL 16’’,SPORTS,,EACH,10650.00
SHIELD WOODEN LOCAL 18’’,SPORTS,,EACH,11495.00
SHIELD WOODEN LOCAL 20’’,SPORTS,,EACH,13285.00
SHIELD WOODEN LOCAL 22’’,SPORTS,,EACH,17705.00
SHIELD WOODEN PLAIN IMPORTED 16’’,SPORTS,,EACH,36375.00
SHIELD WOODEN PLAIN IMPORTED 18’’,SPORTS,,EACH,44500.00
SHIELD WOODEN PLAIN IMPORTED 20’’,SPORTS,,EACH,47850.00
SHIELD WOODEN SILVER IMPORTED 10’’,SPORTS,,EACH,17950.00
SHIELD WOODEN SILVER IMPORTED 12’’,SPORTS,,EACH,22255.00
SHIELD WOODEN SILVER IMPORTED 14’’,SPORTS,,EACH,30990.00
SHIELD WOODEN SILVER IMPORTED 16’’,SPORTS,,EACH,36370.00
BASKETBALL UNIFORMS ‘FINE KNIT’,SPORTS,,PAIR,2200.00
BASKETBALL JERSEY PRINTED SCHOOL LOGO,SPORTS,,PAIR,2750.00
FOOTBALL UNFORMS ‘FINE KNIT’ WITH LINING WITH NUMBER,SPORTS,,PAIR,2200.00
FOOTBALL JERSEY PRINTED SCHOOL LOGO,SPORTS,,PAIR,2750.00
FOOTBALL REFEREE UNIFORM IMPORTED,SPORTS,,PAIR,5265.00
"FOOTBALL GOAL KEEPER GLOVES N0 8,9,10,11",SPORTS,SPARO,PAIR,6220.00
HANDBALL UNIFORM ‘FINE KNIT’ WITH LINING WITH NUMBER,SPORTS,,PAIR,2200.00
HANDBALL JERSEY PRINTED SCHOOL LOGO,SPORTS,,PAIR,2750.00
"NETBALL BUNIFORM (GYM SET)-WRAPOVERSKIRTS,BLOOMER&TOP",SPORTS,,SET,2280.00
NETBALL UNIFORM (GYM SET)-WITH SKORT,SPORTS,,EACH,2280.00
NETBALL UNIFORM PRINTED SCHOOL LOGO,SPORTS,,PAIR,2750.00
VOLLEYBALL UNIFORM JERSEY &SHORTS FINE SLEEVESS,SPORTS,,PAIR,2200.00
VOLLEYBALL UNIFORM JERSEY PRINTED SCHOOL LOGO,SPORTS,,PAIR,2750.00
GLOBE SOLID MATERIALS/INFLATABLE GLOBE,TEXT BOOKS,CHINA/KLB,EACH,6600.00
TOPOGRAPHICAL CHARTS,TEXT BOOKS,,EACH,935.00
PERIODIC TABLE,TEXT BOOKS,,EACH,745.00
MATHEMATICAL TABLE FOUR FIGURE,TEXT BOOKS,KLB,EACH,605.00
DICTIONARY ADVANCED LEARNERS,TEXT BOOKS,OXFORD,EACH,2090.00
STUDENT’S DICTIONARY,TEXT BOOKS,OXFORD,EACH,1470.00
PRIMARY DICTIONARY FOR EAST AFRICA,TEXT BOOKS,OXFORD,EACH,1180.00
MAP READING AND PHOTOGRAPH INTERPRETATION FOR PRIMARY,TEXT BOOKS,OXFORD,EACH,795.00
MAP READING AND PHOTOGRAPH INTERPRETATION FOR SECONDARY,TEXT BOOKS,OXFORD,EACH,795.00
A to Z CHILDREN’S DICTIONARY,TEXT BOOKS,OXFORD,EACH,945.00
KAMUSI YA KARNE 21 TOLEO 5,TEXT BOOKS,LONGHON,EACH,1595.00
KAMUSI YA MSINGI (KISWAHILI-ENGLISH),TEXT BOOKS,OXFORD,EACH,1010.00
KAMUSI YA KISWAHILI SANIFU TUKI TOLEO LA 4,TEXT BOOKS,OXFORD,EACH,1595.00
GOOD NEWS BIBLE,TEXT BOOKS,,EACH,1650.00
R.S.V BIBLE,TEXT BOOKS,,EACH,1650.00
SWAHILI BIBLE,TEXT BOOKS,,EACH,1650.00
SOUND AND READ BOOK 1,TEXT BOOKS,,EACH,495.00
SOUND AND READ BOOK 2,TEXT BOOKS,,EACH,495.00
PRIMARY ATLAS 360º,TEXT BOOKS,OXFORD,EACH,1470.00
JUNIOR SECONDARY 360º ATLAS,TEXT BOOKS,OXFORD,EACH,1665.00
ACTIVE LEARNING CBC ATLAS,TEXT BOOKS,KLB,EACH,1280.00
ACTIVE LEARNING WALL MAP :WORL POLITICAL,TEXT BOOKS,KLB,EACH,4815.00
"OUR WORLD CBC ATLAS G4,5,6",TEXT BOOKS,MORAN,EACH,1345.00
BEKA’S MISFORTUNE,TEXT BOOKS,EAST AFRICA,EACH,575.00
BRIDGES WITHOUT RIVERS GRADE 8,TEXT BOOKS,ACCESS,EACH,495.00
THE HIDDEN PACKAGE 7,TEXT BOOKS,EAST AFRICA,EACH,575.00
TOBBY’S DIARY,TEXT BOOKS,EAST AFRICA,EACH,575.00
STRANGE HAPPENINGS 7,TEXT BOOKS,ONE PLANET,EACH,495.00
DAUGHTERS OF NATURE GRADE 7-9,TEXT BOOKS,ACCESS,EACH,495.00
HIDAYA 7,TEXT BOOKS,EAST AFRICA,EACH,575.00
WEMA HAUOZI GRADE 8,TEXT BOOKS,ACCESS,EACH,495.00
MJI WA MATARAJIO 7,TEXT BOOKS,ONE PLANET,EACH,495.00
UTEUZI WA CHALE 7,TEXT BOOKS,ONE PLANET,EACH,385.00
MSHALE WA MATUMAINI GRADE 7,TEXT BOOKS,ACCESS,EACH,495.00
THE LAST LAUGH GRADE 9,TEXT BOOKS,ACCESS,EACH,495.00
TEARS OF JOY GRADE 9,TEXT BOOKS,ACCESS,EACH,495.00
MELODIES OF AFRICA GRADE 7-9,TEXT BOOKS,ACCESS,EACH,495.00
HODI HODI GRADE 9,TEXT BOOKS,ACCESS,EACH,495.00
LIPI MUHIMU,TEXT BOOKS,ONE PLANET,EACH,275.00
MAISHA MAPYA,TEXT BOOKS,ONE PLANET,EACH,385.00
DUNIA TAMBARA BOVU,TEXT BOOKS,EAST AFRICA,EACH,575.00
DARAJA LA MAFANIKIO,TEXT BOOKS,ONE PLANET,EACH,385.00
FANI YA FASIHI SIMULIZI,TEXT BOOKS,OXFORD,EACH,1060.00
FANI YA ISIMU JAMII,TEXT BOOKS,OXFORD,EACH,740.00
MISING IN ACTION AND OTHER STORIES,TEXT BOOKS,ONE PLANET,EACH,275.00
THE ONE THING AN OTHER STORIES,TEXT BOOKS,ONE PLANET,EACH,260.00
THE DIASTEMA CODE,TEXT BOOKS,ONE PLANET,EACH,385.00
EFFECTIVE GRAMMAR FOR PRIMARY SCHOOLS,TEXT BOOKS,OXFORD,EACH,795.00
EFFECTIVE COMPREHENSION SKILLS FOR PRIMARY SCHOOLS,TEXT BOOKS,OXFORD,EACH,900.00
EFFECTIVE COMPOSITION WRITING,TEXT BOOKS,OXFORD,EACH,640.00
SPOT ON ORAL SKILLS,TEXT BOOKS,OXFORD,EACH,975.00
INSHA HATUA KWA HATUA TOLEO LA PILI,TEXT BOOKS,OXFORD,EACH,715.00
FLYING COLOURS IN ENGLISH COMPOSITION FOR PRIMARY SCHOOLS,TEXT BOOKS,KLB,EACH,565.00
KAMUSI YA MISEMO,TEXT BOOKS,KLB,EACH,1160.00
KAMUSI YA METHALI,TEXT BOOKS,KLB,EACH,735.00
ACTIVE LEARNING WALL MAP: WORLD PYHSICAL,TEXT BOOKS,KLB,EACH,4815.00
ACTIVE LEARNING WALL MAP: AFRICA POLITICAL,TEXT BOOKS,KLB,EACH,4815.00
ACTIVE LEARNING WALL MAP: AFRICA PYHSICAL,TEXT BOOKS,KLB,EACH,4815.00
ACTIVE LEARNING WALL MAP: EASTERN AFRICA POLITICAL,TEXT BOOKS,KLB,EACH,4815.00
ACTIVE LEARNING WALL MAP: EASTERN AFRICA PHYSICAL,TEXT BOOKS,KLB,EACH,4815.00
ACTIVE LEARNING WALL MAP : POLITICAL,TEXT BOOKS,KLB,EACH,4815.00
ACTIVE LEARNING WALL MAP: PHYSICAL,TEXT BOOKS,KLB,EACH,4815.00
ACTIVE LEARNING WALL MAP: SOLAR SYSTEM,TEXT BOOKS,KLB,EACH,4815.00
KAMUSI TEULE YA KISWAHILI,TEXT BOOKS,E.A.E.P,EACH,1650.00
KAMUSI FAFANUZI YA METHALI,TEXT BOOKS,SPOT LIGHT,EACH,1045.00
KAMUSI FAFANUZI YA MISEMO NA NAHAU,TEXT BOOKS,SPOT LIGHT,EACH,990.00
COLLINS ADVANCE LEARNERS DICTIONARY,TEXT BOOKS,SPOT LIGHT,EACH,1925.00
"MENTOR CBC ATLAS 4,5,6",TEXT BOOKS,MENTOR,EACH,1210.00
CONSTITUTION OF,TEXT BOOKS,KENYA,EACH,3135.00
SPARK COMPOSITION WRITING GRADE 3,TEXT BOOKS,STORYMOJA,EACH,605.00
SPARK COMPOSITION WRITING GRADE 4,TEXT BOOKS,STORYMOJA,EACH,715.00
SPARK COMPOSITION WRITING GRADE 5,TEXT BOOKS,STORYMOJA,EACH,715.00
SPARK COMPOSITION WRITING GRADE 6,TEXT BOOKS,STORYMOJA,EACH,715.00
SPARK COMPOSITION WRITING GRADE 70,TEXT BOOKS,STORYMOJA,EACH,770.00
COLANDER,HOME SCIENCE,,EACH,825.00
BLENDER 3 IN ONE,HOME SCIENCE,,EACH,9075.00
FORK JEMBE,AGRICULTURE,,EACH,1595.00
WATER DISPENSER,HOME SCIENCE,,EACH,14440.00
